classname ; numberOfVersionsUntil: ; numberOfFixesUntil: ; numberOfRefactoringsUntil: ; numberOfAuthorsUntil: ; linesAddedUntil: ; maxLinesAddedUntil: ; avgLinesAddedUntil: ; linesRemovedUntil: ; maxLinesRemovedUntil: ; avgLinesRemovedUntil: ; codeChurnUntil: ; maxCodeChurnUntil: ; avgCodeChurnUntil: ; ageWithRespectTo: ; weightedAgeWithRespectTo: ; bugs ; nonTrivialBugs ; majorBugs ; criticalBugs ; highPriorityBugs ; 
ext::framework::a::importer::Activator ; 2 ; 0 ; 0 ; 1 ; 10.0 ; 10.0 ; 5.0 ; 0.0 ; 0.0 ; 0.0 ; 10.0 ; 10.0 ; 5.0 ; 40.8571 ; 3.14286 ; 0 ; 0 ; 0 ; 0 ; 0 ; 
org::eclipse::osgi::framework::internal::reliablefile::ReliableFile ; 18 ; 4 ; 1 ; 7 ; 1431.0 ; 532.0 ; 79.5 ; 1131.0 ; 552.0 ; 62.8333 ; 300.0 ; 394.0 ; 16.6667 ; 239.143 ; 37.3797 ; 0 ; 0 ; 0 ; 0 ; 0 ; 
org::osgi::framework::ServiceEvent ; 14 ; 1 ; 0 ; 4 ; 342.0 ; 130.0 ; 24.4286 ; 337.0 ; 123.0 ; 24.0714 ; 5.0 ; 8.0 ; 0.357143 ; 239.143 ; 70.6278 ; 1 ; 0 ; 0 ; 0 ; 0 ; 
org::eclipse::osgi::framework::internal::core::BundleProtectionDomainImpl ; 4 ; 0 ; 0 ; 2 ; 3.0 ; 3.0 ; 0.75 ; 49.0 ; 44.0 ; 12.25 ; -46.0 ; 0.0 ; -11.5 ; 178.857 ; 4.57143 ; 0 ; 0 ; 0 ; 0 ; 0 ; 
substitutes::z::Fz ; 1 ; 0 ; 0 ; 1 ; 0.0 ; 0.0 ; 0.0 ; 0.0 ; 0.0 ; 0.0 ; 0.0 ; 0.0 ; 0.0 ; 19.1429 ; 0 ; 0 ; 0 ; 0 ; 0 ; 0 ; 
circularity::test::Activator ; 1 ; 0 ; 0 ; 1 ; 0.0 ; 0.0 ; 0.0 ; 0.0 ; 0.0 ; 0.0 ; 0.0 ; 0.0 ; 0.0 ; 85.1429 ; 0 ; 0 ; 0 ; 0 ; 0 ; 0 ; 
org::eclipse::osgi::framework::internal::core::ConditionalPermissionSet ; 14 ; 4 ; 1 ; 2 ; 195.0 ; 82.0 ; 13.9286 ; 97.0 ; 73.0 ; 6.92857 ; 98.0 ; 27.0 ; 7.0 ; 178.857 ; 23.8447 ; 0 ; 0 ; 0 ; 0 ; 0 ; 
org::eclipse::osgi::internal::module::BundleConstraint ; 7 ; 1 ; 0 ; 3 ; 211.0 ; 95.0 ; 30.1429 ; 88.0 ; 43.0 ; 12.5714 ; 123.0 ; 95.0 ; 17.5714 ; 180.0 ; 2.52539 ; 0 ; 0 ; 0 ; 0 ; 0 ; 
org::eclipse::osgi::internal::resolver::SystemState ; 11 ; 2 ; 0 ; 5 ; 102.0 ; 31.0 ; 9.27273 ; 83.0 ; 40.0 ; 7.54545 ; 19.0 ; 27.0 ; 1.72727 ; 237.714 ; 59.7899 ; 1 ; 0 ; 0 ; 0 ; 0 ; 
org::eclipse::osgi::internal::module::VersionSupplier ; 7 ; 0 ; 0 ; 3 ; 100.0 ; 42.0 ; 14.2857 ; 15.0 ; 7.0 ; 2.14286 ; 85.0 ; 38.0 ; 12.1429 ; 180.0 ; 30.1943 ; 0 ; 0 ; 0 ; 0 ; 0 ; 
org::osgi::framework::ServicePermission ; 13 ; 1 ; 0 ; 4 ; 1117.0 ; 492.0 ; 85.9231 ; 1187.0 ; 520.0 ; 91.3077 ; -70.0 ; 8.0 ; -5.38462 ; 239.143 ; 62.685 ; 1 ; 0 ; 0 ; 0 ; 0 ; 
org::eclipse::osgi::framework::internal::core::FrameworkProperties ; 3 ; 0 ; 1 ; 2 ; 1.0 ; 1.0 ; 0.333333 ; 1.0 ; 1.0 ; 0.333333 ; 0.0 ; 0.0 ; 0.0 ; 127.143 ; 10.4286 ; 0 ; 0 ; 0 ; 0 ; 0 ; 
nativetest::d::Activator ; 1 ; 0 ; 0 ; 1 ; 0.0 ; 0.0 ; 0.0 ; 0.0 ; 0.0 ; 0.0 ; 0.0 ; 0.0 ; 0.0 ; 42.0 ; 0 ; 0 ; 0 ; 0 ; 0 ; 0 ; 
substitutes::y::Ay ; 1 ; 0 ; 0 ; 1 ; 0.0 ; 0.0 ; 0.0 ; 0.0 ; 0.0 ; 0.0 ; 0.0 ; 0.0 ; 0.0 ; 19.1429 ; 0 ; 0 ; 0 ; 0 ; 0 ; 0 ; 
org::eclipse::osgi::framework::internal::core::ConsoleMsg ; 10 ; 0 ; 0 ; 5 ; 206.0 ; 169.0 ; 20.6 ; 83.0 ; 36.0 ; 8.3 ; 123.0 ; 133.0 ; 12.3 ; 239.143 ; 68.6332 ; 0 ; 0 ; 0 ; 0 ; 0 ; 
substitutes::x::Kx ; 1 ; 0 ; 0 ; 1 ; 0.0 ; 0.0 ; 0.0 ; 0.0 ; 0.0 ; 0.0 ; 0.0 ; 0.0 ; 0.0 ; 19.1429 ; 0 ; 0 ; 0 ; 0 ; 0 ; 0 ; 
org::eclipse::equinox::launcher::Main ; 44 ; 3 ; 0 ; 3 ; 2587.0 ; 2021.0 ; 58.7955 ; 2332.0 ; 2011.0 ; 53.0 ; 255.0 ; 65.0 ; 5.79545 ; 81.1429 ; 32.9348 ; 3 ; 0 ; 1 ; 0 ; 0 ; 
nativetest::b2::Activator ; 1 ; 0 ; 0 ; 1 ; 0.0 ; 0.0 ; 0.0 ; 0.0 ; 0.0 ; 0.0 ; 0.0 ; 0.0 ; 0.0 ; 53.0 ; 0 ; 0 ; 0 ; 0 ; 0 ; 0 ; 
org::eclipse::osgi::internal::baseadaptor::DefaultClassLoader ; 8 ; 0 ; 0 ; 1 ; 499.0 ; 237.0 ; 62.375 ; 19.0 ; 10.0 ; 2.375 ; 480.0 ; 237.0 ; 60.0 ; 125.857 ; 3.11451 ; 0 ; 0 ; 0 ; 0 ; 0 ; 
org::eclipse::osgi::framework::internal::core::StartLevelEvent ; 9 ; 1 ; 1 ; 6 ; 74.0 ; 49.0 ; 8.22222 ; 102.0 ; 50.0 ; 11.3333 ; -28.0 ; 0.0 ; -3.11111 ; 239.143 ; 12.5 ; 0 ; 0 ; 0 ; 0 ; 0 ; 
org::eclipse::equinox::internal::launcher::Constants ; 2 ; 0 ; 0 ; 1 ; 7.0 ; 7.0 ; 3.5 ; 1.0 ; 1.0 ; 0.5 ; 6.0 ; 6.0 ; 3.0 ; 81.0 ; 14.0 ; 1 ; 0 ; 1 ; 0 ; 0 ; 
org::eclipse::osgi::tests::appadmin::SimpleApp ; 1 ; 0 ; 0 ; 1 ; 0.0 ; 0.0 ; 0.0 ; 0.0 ; 0.0 ; 0.0 ; 0.0 ; 0.0 ; 0.0 ; 39.7143 ; 0 ; 0 ; 0 ; 0 ; 0 ; 0 ; 
org::eclipse::core::runtime::internal::stats::StatsManager ; 7 ; 0 ; 0 ; 1 ; 123.0 ; 55.0 ; 17.5714 ; 23.0 ; 10.0 ; 3.28571 ; 100.0 ; 54.0 ; 14.2857 ; 162.143 ; 40.2032 ; 0 ; 0 ; 0 ; 0 ; 0 ; 
org::eclipse::osgi::baseadaptor::bundlefile::DirZipBundleEntry ; 5 ; 0 ; 0 ; 1 ; 150.0 ; 73.0 ; 30.0 ; 3.0 ; 3.0 ; 0.6 ; 147.0 ; 73.0 ; 29.4 ; 125.857 ; 0.797143 ; 0 ; 0 ; 0 ; 0 ; 0 ; 
org::eclipse::osgi::framework::internal::core::BundlePermissionCollection ; 9 ; 1 ; 1 ; 6 ; 29.0 ; 8.0 ; 3.22222 ; 28.0 ; 9.0 ; 3.11111 ; 1.0 ; 5.0 ; 0.111111 ; 239.143 ; 76.4384 ; 0 ; 0 ; 0 ; 0 ; 0 ; 
org::eclipse::osgi::util::TextProcessor ; 7 ; 0 ; 0 ; 1 ; 265.0 ; 195.0 ; 37.8571 ; 148.0 ; 100.0 ; 21.1429 ; 117.0 ; 95.0 ; 16.7143 ; 124.714 ; 40.4232 ; 1 ; 0 ; 0 ; 0 ; 0 ; 
org::eclipse::osgi::framework::internal::core::DependentPolicy ; 4 ; 0 ; 0 ; 2 ; 28.0 ; 17.0 ; 7.0 ; 28.0 ; 18.0 ; 7.0 ; 0.0 ; 9.0 ; 0.0 ; 163.0 ; 58.2398 ; 1 ; 0 ; 0 ; 0 ; 0 ; 
org::eclipse::osgi::internal::resolver::GenericSpecificationImpl ; 1 ; 0 ; 0 ; 1 ; 0.0 ; 0.0 ; 0.0 ; 0.0 ; 0.0 ; 0.0 ; 0.0 ; 0.0 ; 0.0 ; 118.714 ; 0 ; 2 ; 0 ; 0 ; 0 ; 0 ; 
org::eclipse::osgi::tests::services::resolver::SimplePlatformAdmin ; 2 ; 0 ; 0 ; 2 ; 1.0 ; 1.0 ; 0.5 ; 2.0 ; 2.0 ; 1.0 ; -1.0 ; 0.0 ; -0.5 ; 159.714 ; 34.8571 ; 0 ; 0 ; 0 ; 0 ; 0 ; 
org::eclipse::core::runtime::internal::adaptor::Locker_JavaNio ; 7 ; 0 ; 1 ; 3 ; 13.0 ; 8.0 ; 1.85714 ; 21.0 ; 9.0 ; 3.0 ; -8.0 ; 0.0 ; -1.14286 ; 162.143 ; 36.5934 ; 0 ; 0 ; 0 ; 0 ; 0 ; 
thread::locktest::Class1 ; 1 ; 0 ; 0 ; 1 ; 0.0 ; 0.0 ; 0.0 ; 0.0 ; 0.0 ; 0.0 ; 0.0 ; 0.0 ; 0.0 ; 85.1429 ; 0 ; 0 ; 0 ; 0 ; 0 ; 0 ; 
legacy::lazystart::b::excluded::b::BBExcluded ; 1 ; 0 ; 0 ; 1 ; 0.0 ; 0.0 ; 0.0 ; 0.0 ; 0.0 ; 0.0 ; 0.0 ; 0.0 ; 0.0 ; 85.1429 ; 0 ; 0 ; 0 ; 0 ; 0 ; 0 ; 
org::eclipse::osgi::internal::signedcontent::PKCS7DateParser ; 1 ; 0 ; 0 ; 1 ; 0.0 ; 0.0 ; 0.0 ; 0.0 ; 0.0 ; 0.0 ; 0.0 ; 0.0 ; 0.0 ; 27.2857 ; 0 ; 0 ; 0 ; 0 ; 0 ; 0 ; 
chain::test::d::Activator ; 1 ; 0 ; 0 ; 1 ; 0.0 ; 0.0 ; 0.0 ; 0.0 ; 0.0 ; 0.0 ; 0.0 ; 0.0 ; 0.0 ; 85.1429 ; 0 ; 0 ; 0 ; 0 ; 0 ; 0 ; 
substitutes::y::Ny ; 1 ; 0 ; 0 ; 1 ; 0.0 ; 0.0 ; 0.0 ; 0.0 ; 0.0 ; 0.0 ; 0.0 ; 0.0 ; 0.0 ; 19.1429 ; 0 ; 0 ; 0 ; 0 ; 0 ; 0 ; 
osgi::lazystart::LazySimple ; 1 ; 0 ; 0 ; 1 ; 0.0 ; 0.0 ; 0.0 ; 0.0 ; 0.0 ; 0.0 ; 0.0 ; 0.0 ; 0.0 ; 85.1429 ; 0 ; 0 ; 0 ; 0 ; 0 ; 0 ; 
substitutes::x::Ix ; 1 ; 0 ; 0 ; 1 ; 0.0 ; 0.0 ; 0.0 ; 0.0 ; 0.0 ; 0.0 ; 0.0 ; 0.0 ; 0.0 ; 19.1429 ; 0 ; 0 ; 0 ; 0 ; 0 ; 0 ; 
org::eclipse::osgi::internal::module::ResolverExport ; 13 ; 2 ; 0 ; 3 ; 316.0 ; 122.0 ; 24.3077 ; 147.0 ; 94.0 ; 11.3077 ; 169.0 ; 122.0 ; 13.0 ; 180.0 ; 7.31691 ; 0 ; 0 ; 0 ; 0 ; 0 ; 
org::eclipse::osgi::internal::resolver::StateObjectFactoryImpl ; 37 ; 7 ; 0 ; 7 ; 599.0 ; 79.0 ; 16.1892 ; 302.0 ; 73.0 ; 8.16216 ; 297.0 ; 76.0 ; 8.02703 ; 239.143 ; 80.1037 ; 0 ; 0 ; 0 ; 0 ; 0 ; 
org::eclipse::osgi::framework::internal::core::StartLevelManager ; 32 ; 3 ; 1 ; 6 ; 546.0 ; 125.0 ; 17.0625 ; 546.0 ; 122.0 ; 17.0625 ; 0.0 ; 41.0 ; 0.0 ; 218.714 ; 75.8618 ; 4 ; 0 ; 0 ; 0 ; 0 ; 
org::eclipse::core::runtime::internal::adaptor::EclipseAppLauncher ; 9 ; 0 ; 0 ; 1 ; 51.0 ; 19.0 ; 5.66667 ; 16.0 ; 4.0 ; 1.77778 ; 35.0 ; 19.0 ; 3.88889 ; 136.143 ; 62.4594 ; 0 ; 0 ; 0 ; 0 ; 0 ; 
org::eclipse::osgi::framework::internal::core::Msg ; 18 ; 0 ; 0 ; 5 ; 143.0 ; 93.0 ; 7.94444 ; 84.0 ; 34.0 ; 4.66667 ; 59.0 ; 59.0 ; 3.27778 ; 239.143 ; 80.2717 ; 1 ; 0 ; 0 ; 0 ; 0 ; 
org::eclipse::osgi::internal::resolver::BundleDescriptionImpl ; 55 ; 6 ; 0 ; 6 ; 1135.0 ; 308.0 ; 20.6364 ; 509.0 ; 110.0 ; 9.25454 ; 626.0 ; 198.0 ; 11.3818 ; 239.143 ; 73.7424 ; 3 ; 0 ; 0 ; 0 ; 0 ; 
org::eclipse::core::runtime::internal::adaptor::Locker_JavaIo ; 4 ; 0 ; 0 ; 1 ; 20.0 ; 18.0 ; 5.0 ; 4.0 ; 2.0 ; 1.0 ; 16.0 ; 16.0 ; 4.0 ; 162.143 ; 114.014 ; 0 ; 0 ; 0 ; 0 ; 0 ; 
org::eclipse::osgi::internal::resolver::StateMsg ; 15 ; 2 ; 0 ; 5 ; 59.0 ; 15.0 ; 3.93333 ; 53.0 ; 35.0 ; 3.53333 ; 6.0 ; 8.0 ; 0.4 ; 230.857 ; 82.6053 ; 1 ; 0 ; 0 ; 0 ; 0 ; 
org::eclipse::osgi::framework::internal::core::BundleSource ; 6 ; 0 ; 0 ; 5 ; 20.0 ; 12.0 ; 3.33333 ; 24.0 ; 16.0 ; 4.0 ; -4.0 ; 0.0 ; -0.666667 ; 239.143 ; 29.4929 ; 0 ; 0 ; 0 ; 0 ; 0 ; 
org::eclipse::osgi::storagemanager::StorageManager ; 11 ; 2 ; 0 ; 2 ; 210.0 ; 131.0 ; 19.0909 ; 171.0 ; 121.0 ; 15.5455 ; 39.0 ; 32.0 ; 3.54545 ; 127.857 ; 7.57279 ; 1 ; 1 ; 0 ; 0 ; 0 ; 
org::osgi::framework::FrameworkEvent ; 17 ; 2 ; 0 ; 4 ; 499.0 ; 201.0 ; 29.3529 ; 437.0 ; 166.0 ; 25.7059 ; 62.0 ; 35.0 ; 3.64706 ; 239.143 ; 66.2665 ; 2 ; 0 ; 0 ; 0 ; 0 ; 
org::eclipse::osgi::internal::resolver::StateDeltaImpl ; 18 ; 4 ; 0 ; 6 ; 196.0 ; 49.0 ; 10.8889 ; 147.0 ; 38.0 ; 8.16667 ; 49.0 ; 20.0 ; 2.72222 ; 239.143 ; 44.8418 ; 1 ; 0 ; 0 ; 0 ; 0 ; 
org::eclipse::osgi::framework::internal::core::SystemBundleActivator ; 17 ; 2 ; 1 ; 6 ; 112.0 ; 70.0 ; 6.58824 ; 135.0 ; 86.0 ; 7.94118 ; -23.0 ; 4.0 ; -1.35294 ; 239.143 ; 24.6786 ; 1 ; 0 ; 0 ; 0 ; 0 ; 
org::eclipse::osgi::framework::internal::core::AliasMapper ; 10 ; 2 ; 0 ; 5 ; 175.0 ; 131.0 ; 17.5 ; 222.0 ; 174.0 ; 22.2 ; -47.0 ; 6.0 ; -4.7 ; 239.143 ; 9.99592 ; 0 ; 0 ; 0 ; 0 ; 0 ; 
org::eclipse::osgi::baseadaptor::bundlefile::DirBundleFile ; 6 ; 0 ; 0 ; 1 ; 249.0 ; 113.0 ; 41.5 ; 36.0 ; 33.0 ; 6.0 ; 213.0 ; 113.0 ; 35.5 ; 125.857 ; 4.91394 ; 0 ; 0 ; 0 ; 0 ; 0 ; 
legacy::lazystart::b::excluded::a::BAExcluded ; 1 ; 0 ; 0 ; 1 ; 0.0 ; 0.0 ; 0.0 ; 0.0 ; 0.0 ; 0.0 ; 0.0 ; 0.0 ; 0.0 ; 85.1429 ; 0 ; 0 ; 0 ; 0 ; 0 ; 0 ; 
substitutes::y::Ly ; 1 ; 0 ; 0 ; 1 ; 0.0 ; 0.0 ; 0.0 ; 0.0 ; 0.0 ; 0.0 ; 0.0 ; 0.0 ; 0.0 ; 19.1429 ; 0 ; 0 ; 0 ; 0 ; 0 ; 0 ; 
org::eclipse::osgi::framework::internal::reliablefile::ReliableFileOutputStream ; 13 ; 3 ; 1 ; 7 ; 204.0 ; 102.0 ; 15.6923 ; 160.0 ; 118.0 ; 12.3077 ; 44.0 ; 40.0 ; 3.38462 ; 239.143 ; 28.458 ; 0 ; 0 ; 0 ; 0 ; 0 ; 
org::eclipse::osgi::internal::module::VersionHashMap ; 13 ; 0 ; 0 ; 3 ; 415.0 ; 162.0 ; 31.9231 ; 149.0 ; 126.0 ; 11.4615 ; 266.0 ; 162.0 ; 20.4615 ; 180.0 ; 8.47401 ; 2 ; 0 ; 0 ; 0 ; 0 ; 
org::eclipse::osgi::framework::internal::core::MultiSourcePackage ; 14 ; 0 ; 0 ; 6 ; 139.0 ; 33.0 ; 9.92857 ; 70.0 ; 20.0 ; 5.0 ; 69.0 ; 25.0 ; 4.92857 ; 239.143 ; 64.4224 ; 1 ; 0 ; 0 ; 0 ; 0 ; 
org::eclipse::osgi::internal::provisional::service::security::AuthorizationEvent ; 1 ; 0 ; 0 ; 1 ; 0.0 ; 0.0 ; 0.0 ; 0.0 ; 0.0 ; 0.0 ; 0.0 ; 0.0 ; 0.0 ; 13.0 ; 0 ; 0 ; 0 ; 0 ; 0 ; 0 ; 
org::eclipse::core::runtime::internal::adaptor::EclipseCommandProvider ; 13 ; 0 ; 1 ; 2 ; 175.0 ; 118.0 ; 13.4615 ; 90.0 ; 32.0 ; 6.92308 ; 85.0 ; 107.0 ; 6.53846 ; 162.143 ; 117.165 ; 0 ; 0 ; 0 ; 0 ; 0 ; 
org::eclipse::core::runtime::internal::stats::BundleStats ; 2 ; 0 ; 0 ; 1 ; 2.0 ; 2.0 ; 1.0 ; 2.0 ; 2.0 ; 1.0 ; 0.0 ; 0.0 ; 0.0 ; 162.143 ; 51.1429 ; 0 ; 0 ; 0 ; 0 ; 0 ; 
legacy::lazystart::FalseExceptionLegacy2 ; 1 ; 0 ; 0 ; 1 ; 0.0 ; 0.0 ; 0.0 ; 0.0 ; 0.0 ; 0.0 ; 0.0 ; 0.0 ; 0.0 ; 85.1429 ; 0 ; 0 ; 0 ; 0 ; 0 ; 0 ; 
org::osgi::service::permissionadmin::PermissionInfo ; 16 ; 2 ; 0 ; 4 ; 1064.0 ; 372.0 ; 66.5 ; 1148.0 ; 441.0 ; 71.75 ; -84.0 ; 38.0 ; -5.25 ; 239.143 ; 67.3051 ; 1 ; 0 ; 0 ; 0 ; 0 ; 
org::eclipse::osgi::baseadaptor::bundlefile::MRUBundleFileList ; 12 ; 1 ; 0 ; 1 ; 436.0 ; 142.0 ; 36.3333 ; 48.0 ; 29.0 ; 4.0 ; 388.0 ; 142.0 ; 32.3333 ; 125.857 ; 15.2654 ; 1 ; 0 ; 0 ; 0 ; 0 ; 
org::eclipse::core::runtime::internal::adaptor::PluginParser ; 10 ; 0 ; 0 ; 2 ; 35.0 ; 7.0 ; 3.5 ; 23.0 ; 5.0 ; 2.3 ; 12.0 ; 7.0 ; 1.2 ; 162.143 ; 32.0939 ; 1 ; 0 ; 0 ; 0 ; 0 ; 
osgi::lazystart::c::excluded::b::CBExcluded ; 1 ; 0 ; 0 ; 1 ; 0.0 ; 0.0 ; 0.0 ; 0.0 ; 0.0 ; 0.0 ; 0.0 ; 0.0 ; 0.0 ; 85.1429 ; 0 ; 0 ; 0 ; 0 ; 0 ; 0 ; 
org::eclipse::osgi::tests::bundles::BundleInstaller ; 6 ; 0 ; 0 ; 1 ; 78.0 ; 29.0 ; 13.0 ; 16.0 ; 11.0 ; 2.66667 ; 62.0 ; 28.0 ; 10.3333 ; 85.1429 ; 45.7198 ; 3 ; 0 ; 0 ; 0 ; 0 ; 
substitutes::y::Jy ; 1 ; 0 ; 0 ; 1 ; 0.0 ; 0.0 ; 0.0 ; 0.0 ; 0.0 ; 0.0 ; 0.0 ; 0.0 ; 0.0 ; 19.1429 ; 0 ; 0 ; 0 ; 0 ; 0 ; 0 ; 
host::multiple::exports::PublicClass2 ; 1 ; 0 ; 0 ; 1 ; 0.0 ; 0.0 ; 0.0 ; 0.0 ; 0.0 ; 0.0 ; 0.0 ; 0.0 ; 0.0 ; 40.8571 ; 0 ; 0 ; 0 ; 0 ; 0 ; 0 ; 
org::eclipse::osgi::internal::resolver::VersionConstraintImpl ; 14 ; 1 ; 0 ; 5 ; 114.0 ; 42.0 ; 8.14286 ; 148.0 ; 41.0 ; 10.5714 ; -34.0 ; 19.0 ; -2.42857 ; 239.143 ; 52.2932 ; 1 ; 0 ; 0 ; 0 ; 0 ; 
org::eclipse::osgi::framework::eventmgr::EventThread ; 9 ; 1 ; 0 ; 5 ; 194.0 ; 140.0 ; 21.5556 ; 204.0 ; 161.0 ; 22.6667 ; -10.0 ; 13.0 ; -1.11111 ; 239.143 ; 22.2452 ; 0 ; 0 ; 0 ; 0 ; 0 ; 
legacy::lazystart::SimpleLegacy ; 1 ; 0 ; 0 ; 1 ; 0.0 ; 0.0 ; 0.0 ; 0.0 ; 0.0 ; 0.0 ; 0.0 ; 0.0 ; 0.0 ; 85.1429 ; 0 ; 0 ; 0 ; 0 ; 0 ; 0 ; 
org::eclipse::osgi::internal::signedcontent::Base64 ; 1 ; 0 ; 0 ; 1 ; 0.0 ; 0.0 ; 0.0 ; 0.0 ; 0.0 ; 0.0 ; 0.0 ; 0.0 ; 0.0 ; 27.2857 ; 0 ; 0 ; 0 ; 0 ; 0 ; 0 ; 
org::eclipse::osgi::internal::baseadaptor::BasePermissionStorage ; 3 ; 0 ; 0 ; 1 ; 166.0 ; 83.0 ; 55.3333 ; 0.0 ; 0.0 ; 0.0 ; 166.0 ; 83.0 ; 55.3333 ; 125.857 ; 0.5 ; 0 ; 0 ; 0 ; 0 ; 0 ; 
host::multiple::exports::PrivateClass2 ; 1 ; 0 ; 0 ; 1 ; 0.0 ; 0.0 ; 0.0 ; 0.0 ; 0.0 ; 0.0 ; 0.0 ; 0.0 ; 0.0 ; 40.8571 ; 0 ; 0 ; 0 ; 0 ; 0 ; 0 ; 
org::eclipse::osgi::framework::internal::core::ServiceRegistryImpl ; 3 ; 0 ; 0 ; 1 ; 7.0 ; 5.0 ; 2.33333 ; 7.0 ; 5.0 ; 2.33333 ; 0.0 ; 0.0 ; 0.0 ; 162.143 ; 56.9592 ; 1 ; 0 ; 0 ; 0 ; 0 ; 
org::eclipse::core::runtime::internal::stats::ResourceBundleStats ; 2 ; 0 ; 0 ; 1 ; 2.0 ; 2.0 ; 1.0 ; 2.0 ; 2.0 ; 1.0 ; 0.0 ; 0.0 ; 0.0 ; 162.143 ; 51.1429 ; 0 ; 0 ; 0 ; 0 ; 0 ; 
org::eclipse::core::runtime::internal::adaptor::EclipseClassLoadingHook ; 12 ; 2 ; 0 ; 1 ; 569.0 ; 264.0 ; 47.4167 ; 111.0 ; 47.0 ; 9.25 ; 458.0 ; 264.0 ; 38.1667 ; 125.714 ; 4.5059 ; 0 ; 0 ; 0 ; 0 ; 0 ; 
org::eclipse::osgi::internal::signedcontent::SignedContentImpl ; 2 ; 0 ; 0 ; 1 ; 9.0 ; 9.0 ; 4.5 ; 3.0 ; 3.0 ; 1.5 ; 6.0 ; 6.0 ; 3.0 ; 27.2857 ; 16.4286 ; 0 ; 0 ; 0 ; 0 ; 0 ; 
org::eclipse::osgi::baseadaptor::bundlefile::BundleEntry ; 7 ; 0 ; 0 ; 1 ; 219.0 ; 79.0 ; 31.2857 ; 5.0 ; 2.0 ; 0.714286 ; 214.0 ; 79.0 ; 30.5714 ; 125.857 ; 2.44749 ; 0 ; 0 ; 0 ; 0 ; 0 ; 
org::eclipse::osgi::internal::module::ResolverImpl ; 96 ; 12 ; 0 ; 3 ; 4201.0 ; 1063.0 ; 43.7604 ; 1315.0 ; 360.0 ; 13.6979 ; 2886.0 ; 1063.0 ; 30.0625 ; 180.0 ; 42.1587 ; 3 ; 0 ; 0 ; 0 ; 0 ; 
osgi::lazystart::c::excluded::a::CAExcluded ; 1 ; 0 ; 0 ; 1 ; 0.0 ; 0.0 ; 0.0 ; 0.0 ; 0.0 ; 0.0 ; 0.0 ; 0.0 ; 0.0 ; 85.1429 ; 0 ; 0 ; 0 ; 0 ; 0 ; 0 ; 
nativetest::c::Activator ; 1 ; 0 ; 0 ; 1 ; 0.0 ; 0.0 ; 0.0 ; 0.0 ; 0.0 ; 0.0 ; 0.0 ; 0.0 ; 0.0 ; 42.0 ; 0 ; 0 ; 0 ; 0 ; 0 ; 0 ; 
org::eclipse::osgi::framework::internal::protocol::MultiplexingURLStreamHandler ; 4 ; 0 ; 0 ; 1 ; 7.0 ; 3.0 ; 1.75 ; 15.0 ; 7.0 ; 3.75 ; -8.0 ; 0.0 ; -2.0 ; 124.286 ; 76.8163 ; 0 ; 0 ; 0 ; 0 ; 0 ; 
org::eclipse::osgi::service::resolver::DisabledInfo ; 4 ; 0 ; 0 ; 1 ; 4.0 ; 2.0 ; 1.0 ; 3.0 ; 2.0 ; 0.75 ; 1.0 ; 1.0 ; 0.25 ; 34.8571 ; 20.5714 ; 2 ; 1 ; 0 ; 0 ; 0 ; 
substitutes::q::AFq ; 1 ; 0 ; 0 ; 1 ; 0.0 ; 0.0 ; 0.0 ; 0.0 ; 0.0 ; 0.0 ; 0.0 ; 0.0 ; 0.0 ; 19.1429 ; 0 ; 0 ; 0 ; 0 ; 0 ; 0 ; 
legacy::lazystart::TrueExceptionLegacy1 ; 1 ; 0 ; 0 ; 1 ; 0.0 ; 0.0 ; 0.0 ; 0.0 ; 0.0 ; 0.0 ; 0.0 ; 0.0 ; 0.0 ; 85.1429 ; 0 ; 0 ; 0 ; 0 ; 0 ; 0 ; 
org::eclipse::osgi::framework::internal::core::Framework ; 134 ; 23 ; 1 ; 8 ; 2262.0 ; 325.0 ; 16.8806 ; 2219.0 ; 502.0 ; 16.5597 ; 43.0 ; 159.0 ; 0.320896 ; 239.143 ; 66.8093 ; 13 ; 0 ; 0 ; 0 ; 0 ; 
org::osgi::service::condpermadmin::ConditionInfo ; 9 ; 2 ; 0 ; 1 ; 388.0 ; 161.0 ; 43.1111 ; 343.0 ; 134.0 ; 38.1111 ; 45.0 ; 27.0 ; 5.0 ; 178.857 ; 28.7121 ; 1 ; 0 ; 0 ; 0 ; 0 ; 
org::eclipse::osgi::framework::internal::core::PermissionsHash ; 9 ; 2 ; 0 ; 5 ; 82.0 ; 68.0 ; 9.11111 ; 90.0 ; 77.0 ; 10.0 ; -8.0 ; 1.0 ; -0.888889 ; 239.143 ; 13.6638 ; 0 ; 0 ; 0 ; 0 ; 0 ; 
org::eclipse::osgi::service::pluginconversion::PluginConversionException ; 7 ; 1 ; 0 ; 4 ; 37.0 ; 29.0 ; 5.28571 ; 10.0 ; 4.0 ; 1.42857 ; 27.0 ; 27.0 ; 3.85714 ; 217.714 ; 50.1622 ; 0 ; 0 ; 0 ; 0 ; 0 ; 
nativetest::b1::Activator ; 1 ; 0 ; 0 ; 1 ; 0.0 ; 0.0 ; 0.0 ; 0.0 ; 0.0 ; 0.0 ; 0.0 ; 0.0 ; 0.0 ; 53.0 ; 0 ; 0 ; 0 ; 0 ; 0 ; 0 ; 
org::eclipse::osgi::internal::signedcontent::BERProcessor ; 1 ; 0 ; 0 ; 1 ; 0.0 ; 0.0 ; 0.0 ; 0.0 ; 0.0 ; 0.0 ; 0.0 ; 0.0 ; 0.0 ; 27.2857 ; 0 ; 0 ; 0 ; 0 ; 0 ; 0 ; 
org::eclipse::osgi::framework::log::FrameworkLogEntry ; 12 ; 2 ; 1 ; 5 ; 149.0 ; 94.0 ; 12.4167 ; 25.0 ; 6.0 ; 2.08333 ; 124.0 ; 93.0 ; 10.3333 ; 229.143 ; 77.0153 ; 0 ; 0 ; 0 ; 0 ; 0 ; 
exporter::importer::Activator ; 1 ; 0 ; 0 ; 1 ; 0.0 ; 0.0 ; 0.0 ; 0.0 ; 0.0 ; 0.0 ; 0.0 ; 0.0 ; 0.0 ; 21.5714 ; 0 ; 0 ; 0 ; 0 ; 0 ; 0 ; 
org::eclipse::osgi::internal::baseadaptor::DevClassLoadingHook ; 6 ; 0 ; 0 ; 1 ; 205.0 ; 76.0 ; 34.1667 ; 9.0 ; 3.0 ; 1.5 ; 196.0 ; 76.0 ; 32.6667 ; 125.714 ; 6.77073 ; 0 ; 0 ; 0 ; 0 ; 0 ; 
org::eclipse::core::runtime::internal::stats::ClassloaderStats ; 3 ; 0 ; 0 ; 1 ; 15.0 ; 13.0 ; 5.0 ; 8.0 ; 6.0 ; 2.66667 ; 7.0 ; 7.0 ; 2.33333 ; 162.143 ; 91.8762 ; 0 ; 0 ; 0 ; 0 ; 0 ; 
org::eclipse::core::runtime::internal::adaptor::ClasspathManifest ; 6 ; 0 ; 0 ; 1 ; 184.0 ; 88.0 ; 30.6667 ; 22.0 ; 13.0 ; 3.66667 ; 162.0 ; 88.0 ; 27.0 ; 125.857 ; 0.482143 ; 0 ; 0 ; 0 ; 0 ; 0 ; 
org::eclipse::osgi::internal::resolver::StateHelperImpl ; 32 ; 4 ; 0 ; 5 ; 517.0 ; 45.0 ; 16.1563 ; 347.0 ; 101.0 ; 10.8438 ; 170.0 ; 45.0 ; 5.3125 ; 223.714 ; 82.9298 ; 4 ; 0 ; 0 ; 0 ; 0 ; 
circularity::test::a::Activator ; 1 ; 0 ; 0 ; 1 ; 0.0 ; 0.0 ; 0.0 ; 0.0 ; 0.0 ; 0.0 ; 0.0 ; 0.0 ; 0.0 ; 85.1429 ; 0 ; 0 ; 0 ; 0 ; 0 ; 0 ; 
org::osgi::framework::PackagePermission ; 12 ; 1 ; 0 ; 4 ; 1191.0 ; 522.0 ; 99.25 ; 1243.0 ; 542.0 ; 103.583 ; -52.0 ; 8.0 ; -4.33333 ; 239.143 ; 62.356 ; 1 ; 0 ; 0 ; 0 ; 0 ; 
org::eclipse::osgi::internal::resolver::StateWriter ; 43 ; 3 ; 0 ; 7 ; 872.0 ; 184.0 ; 20.2791 ; 316.0 ; 49.0 ; 7.34884 ; 556.0 ; 139.0 ; 12.9302 ; 239.143 ; 82.4025 ; 1 ; 0 ; 0 ; 0 ; 0 ; 
org::eclipse::osgi::framework::internal::core::FrameworkSecurityManager ; 9 ; 2 ; 1 ; 2 ; 142.0 ; 51.0 ; 15.7778 ; 104.0 ; 42.0 ; 11.5556 ; 38.0 ; 19.0 ; 4.22222 ; 177.857 ; 43.168 ; 0 ; 0 ; 0 ; 0 ; 0 ; 
org::eclipse::core::runtime::internal::adaptor::BundleLocalizationImpl ; 3 ; 0 ; 0 ; 1 ; 2.0 ; 2.0 ; 0.666667 ; 5.0 ; 3.0 ; 1.66667 ; -3.0 ; 0.0 ; -1.0 ; 162.143 ; 51.1429 ; 0 ; 0 ; 0 ; 0 ; 0 ; 
org::eclipse::osgi::internal::module::PermissionChecker ; 13 ; 1 ; 0 ; 3 ; 167.0 ; 40.0 ; 12.8462 ; 52.0 ; 26.0 ; 4.0 ; 115.0 ; 40.0 ; 8.84615 ; 180.0 ; 15.7083 ; 0 ; 0 ; 0 ; 0 ; 0 ; 
org::eclipse::osgi::framework::internal::core::SecurePermissionStorage ; 3 ; 1 ; 0 ; 1 ; 14.0 ; 13.0 ; 4.66667 ; 15.0 ; 14.0 ; 5.0 ; -1.0 ; 0.0 ; -0.333333 ; 162.143 ; 22.3673 ; 0 ; 0 ; 0 ; 0 ; 0 ; 
org::eclipse::core::runtime::internal::adaptor::EclipseLogHook ; 3 ; 0 ; 0 ; 1 ; 250.0 ; 125.0 ; 83.3333 ; 0.0 ; 0.0 ; 0.0 ; 250.0 ; 125.0 ; 83.3333 ; 125.286 ; 0.214286 ; 1 ; 0 ; 0 ; 0 ; 0 ; 
org::eclipse::osgi::framework::internal::core::SystemBundle ; 30 ; 5 ; 1 ; 6 ; 428.0 ; 233.0 ; 14.2667 ; 425.0 ; 266.0 ; 14.1667 ; 3.0 ; 54.0 ; 0.1 ; 239.143 ; 50.6575 ; 2 ; 0 ; 0 ; 0 ; 0 ; 
chain::test::c::Activator ; 1 ; 0 ; 0 ; 1 ; 0.0 ; 0.0 ; 0.0 ; 0.0 ; 0.0 ; 0.0 ; 0.0 ; 0.0 ; 0.0 ; 85.1429 ; 0 ; 0 ; 0 ; 0 ; 0 ; 0 ; 
org::eclipse::osgi::framework::internal::core::PackageSource ; 19 ; 1 ; 0 ; 6 ; 126.0 ; 32.0 ; 6.63158 ; 45.0 ; 11.0 ; 2.36842 ; 81.0 ; 27.0 ; 4.26316 ; 239.143 ; 61.3379 ; 1 ; 0 ; 0 ; 0 ; 0 ; 
org::eclipse::osgi::framework::internal::core::ServiceRegistrationImpl ; 23 ; 4 ; 1 ; 6 ; 1022.0 ; 649.0 ; 44.4348 ; 1092.0 ; 739.0 ; 47.4783 ; -70.0 ; 95.0 ; -3.04348 ; 218.714 ; 53.0108 ; 1 ; 0 ; 0 ; 0 ; 0 ; 
org::eclipse::osgi::framework::internal::protocol::reference::ReferenceURLConnection ; 15 ; 1 ; 0 ; 6 ; 151.0 ; 74.0 ; 10.0667 ; 178.0 ; 83.0 ; 11.8667 ; -27.0 ; 18.0 ; -1.8 ; 239.143 ; 36.4551 ; 0 ; 0 ; 0 ; 0 ; 0 ; 
org::eclipse::osgi::internal::profile::DefaultProfileLogger ; 3 ; 0 ; 0 ; 1 ; 94.0 ; 86.0 ; 31.3333 ; 8.0 ; 7.0 ; 2.66667 ; 86.0 ; 85.0 ; 28.6667 ; 162.143 ; 28.8571 ; 0 ; 0 ; 0 ; 0 ; 0 ; 
org::eclipse::osgi::internal::module::GenericCapability ; 1 ; 0 ; 0 ; 1 ; 0.0 ; 0.0 ; 0.0 ; 0.0 ; 0.0 ; 0.0 ; 0.0 ; 0.0 ; 0.0 ; 118.714 ; 0 ; 0 ; 0 ; 0 ; 0 ; 0 ; 
org::eclipse::osgi::framework::internal::core::PolicyHandler ; 5 ; 0 ; 0 ; 2 ; 28.0 ; 13.0 ; 5.6 ; 19.0 ; 12.0 ; 3.8 ; 9.0 ; 9.0 ; 1.8 ; 163.0 ; 89.9388 ; 2 ; 0 ; 0 ; 0 ; 0 ; 
org::eclipse::osgi::framework::internal::core::ServiceUse ; 20 ; 4 ; 1 ; 7 ; 439.0 ; 259.0 ; 21.95 ; 524.0 ; 306.0 ; 26.2 ; -85.0 ; 14.0 ; -4.25 ; 239.143 ; 64.603 ; 2 ; 0 ; 0 ; 0 ; 0 ; 
org::eclipse::osgi::internal::resolver::BundleDeltaImpl ; 9 ; 1 ; 0 ; 5 ; 52.0 ; 15.0 ; 5.77778 ; 25.0 ; 9.0 ; 2.77778 ; 27.0 ; 8.0 ; 3.0 ; 239.143 ; 42.8819 ; 1 ; 0 ; 0 ; 0 ; 0 ; 
org::eclipse::osgi::internal::profile::Profile ; 3 ; 0 ; 0 ; 1 ; 55.0 ; 48.0 ; 18.3333 ; 20.0 ; 14.0 ; 6.66667 ; 35.0 ; 34.0 ; 11.6667 ; 162.143 ; 29.1403 ; 0 ; 0 ; 0 ; 0 ; 0 ; 
org::eclipse::core::runtime::internal::adaptor::URLConverterImpl ; 4 ; 0 ; 1 ; 1 ; 28.0 ; 13.0 ; 7.0 ; 28.0 ; 13.0 ; 7.0 ; 0.0 ; 4.0 ; 0.0 ; 162.143 ; 36.4898 ; 1 ; 0 ; 0 ; 0 ; 0 ; 
org::eclipse::core::runtime::internal::adaptor::ContextFinder ; 21 ; 0 ; 0 ; 2 ; 263.0 ; 67.0 ; 12.5238 ; 172.0 ; 29.0 ; 8.19048 ; 91.0 ; 43.0 ; 4.33333 ; 162.143 ; 51.9723 ; 0 ; 0 ; 0 ; 0 ; 0 ; 
org::eclipse::osgi::baseadaptor::bundlefile::BundleFile ; 13 ; 2 ; 0 ; 1 ; 421.0 ; 183.0 ; 32.3846 ; 17.0 ; 5.0 ; 1.30769 ; 404.0 ; 183.0 ; 31.0769 ; 125.857 ; 8.91347 ; 2 ; 0 ; 0 ; 0 ; 0 ; 
legacy::lazystart::c::Activator ; 1 ; 0 ; 0 ; 1 ; 0.0 ; 0.0 ; 0.0 ; 0.0 ; 0.0 ; 0.0 ; 0.0 ; 0.0 ; 0.0 ; 85.1429 ; 0 ; 0 ; 0 ; 0 ; 0 ; 0 ; 
chain::test::b::BChain ; 1 ; 0 ; 0 ; 1 ; 0.0 ; 0.0 ; 0.0 ; 0.0 ; 0.0 ; 0.0 ; 0.0 ; 0.0 ; 0.0 ; 85.1429 ; 0 ; 0 ; 0 ; 0 ; 0 ; 0 ; 
ext::extclasspath::a::importer::Activator ; 2 ; 0 ; 0 ; 1 ; 10.0 ; 10.0 ; 5.0 ; 0.0 ; 0.0 ; 0.0 ; 10.0 ; 10.0 ; 5.0 ; 40.8571 ; 3.14286 ; 0 ; 0 ; 0 ; 0 ; 0 ; 
org::eclipse::osgi::internal::signedcontent::TrustEngineListener ; 3 ; 0 ; 0 ; 1 ; 3.0 ; 2.0 ; 1.0 ; 3.0 ; 2.0 ; 1.0 ; 0.0 ; 0.0 ; 0.0 ; 27.2857 ; 19.5238 ; 1 ; 0 ; 0 ; 0 ; 0 ; 
substitutes::x::Ax ; 1 ; 0 ; 0 ; 1 ; 0.0 ; 0.0 ; 0.0 ; 0.0 ; 0.0 ; 0.0 ; 0.0 ; 0.0 ; 0.0 ; 19.1429 ; 0 ; 0 ; 0 ; 0 ; 0 ; 0 ; 
org::eclipse::osgi::internal::resolver::BaseDescriptionImpl ; 5 ; 0 ; 0 ; 3 ; 81.0 ; 38.0 ; 16.2 ; 5.0 ; 3.0 ; 1.0 ; 76.0 ; 38.0 ; 15.2 ; 180.0 ; 1.85891 ; 1 ; 0 ; 0 ; 0 ; 0 ; 
org::eclipse::core::runtime::internal::adaptor::EclipseLazyStarter ; 10 ; 2 ; 0 ; 1 ; 547.0 ; 202.0 ; 54.7 ; 100.0 ; 73.0 ; 10.0 ; 447.0 ; 159.0 ; 44.7 ; 125.714 ; 17.9888 ; 1 ; 0 ; 0 ; 0 ; 0 ; 
org::eclipse::core::runtime::adaptor::LocationManager ; 37 ; 3 ; 1 ; 7 ; 541.0 ; 47.0 ; 14.6216 ; 285.0 ; 27.0 ; 7.7027 ; 256.0 ; 44.0 ; 6.91892 ; 226.857 ; 72.8463 ; 2 ; 0 ; 0 ; 0 ; 0 ; 
org::eclipse::osgi::internal::signedcontent::PKCS7Processor ; 1 ; 0 ; 0 ; 1 ; 0.0 ; 0.0 ; 0.0 ; 0.0 ; 0.0 ; 0.0 ; 0.0 ; 0.0 ; 0.0 ; 27.2857 ; 0 ; 1 ; 0 ; 0 ; 0 ; 0 ; 
org::eclipse::osgi::internal::signedcontent::SignatureBlockProcessor ; 1 ; 0 ; 0 ; 1 ; 0.0 ; 0.0 ; 0.0 ; 0.0 ; 0.0 ; 0.0 ; 0.0 ; 0.0 ; 0.0 ; 27.2857 ; 0 ; 1 ; 0 ; 0 ; 0 ; 0 ; 
org::eclipse::osgi::framework::internal::protocol::MultiplexingFactory ; 2 ; 0 ; 0 ; 1 ; 1.0 ; 1.0 ; 0.5 ; 1.0 ; 1.0 ; 0.5 ; 0.0 ; 0.0 ; 0.0 ; 124.286 ; 7.57143 ; 0 ; 0 ; 0 ; 0 ; 0 ; 
org::eclipse::core::runtime::internal::adaptor::EclipseEnvironmentInfo ; 7 ; 0 ; 0 ; 1 ; 27.0 ; 15.0 ; 3.85714 ; 19.0 ; 14.0 ; 2.71429 ; 8.0 ; 8.0 ; 1.14286 ; 162.143 ; 73.9894 ; 0 ; 0 ; 0 ; 0 ; 0 ; 
org::eclipse::osgi::internal::signedcontent::BundleInstallListener ; 2 ; 0 ; 0 ; 1 ; 1.0 ; 1.0 ; 0.5 ; 1.0 ; 1.0 ; 0.5 ; 0.0 ; 0.0 ; 0.0 ; 27.2857 ; 14.2857 ; 0 ; 0 ; 0 ; 0 ; 0 ; 
org::eclipse::core::runtime::internal::adaptor::Semaphore ; 3 ; 0 ; 0 ; 1 ; 3.0 ; 2.0 ; 1.0 ; 3.0 ; 2.0 ; 1.0 ; 0.0 ; 0.0 ; 0.0 ; 162.143 ; 61.0476 ; 0 ; 0 ; 0 ; 0 ; 0 ; 
osgi::lazystart::LazyExclude1 ; 1 ; 0 ; 0 ; 1 ; 0.0 ; 0.0 ; 0.0 ; 0.0 ; 0.0 ; 0.0 ; 0.0 ; 0.0 ; 0.0 ; 85.1429 ; 0 ; 0 ; 0 ; 0 ; 0 ; 0 ; 
substitutes::x::Nx ; 1 ; 0 ; 0 ; 1 ; 0.0 ; 0.0 ; 0.0 ; 0.0 ; 0.0 ; 0.0 ; 0.0 ; 0.0 ; 0.0 ; 19.1429 ; 0 ; 0 ; 0 ; 0 ; 0 ; 0 ; 
osgi::lazystart::b::excluded::b::BBExcluded ; 1 ; 0 ; 0 ; 1 ; 0.0 ; 0.0 ; 0.0 ; 0.0 ; 0.0 ; 0.0 ; 0.0 ; 0.0 ; 0.0 ; 85.1429 ; 0 ; 0 ; 0 ; 0 ; 0 ; 0 ; 
org::eclipse::equinox::launcher::WebStartMain ; 14 ; 2 ; 0 ; 2 ; 312.0 ; 136.0 ; 22.2857 ; 338.0 ; 242.0 ; 24.1429 ; -26.0 ; 75.0 ; -1.85714 ; 81.1429 ; 11.4899 ; 1 ; 0 ; 1 ; 0 ; 0 ; 
org::eclipse::core::runtime::internal::adaptor::LocationHelper ; 1 ; 0 ; 1 ; 1 ; 0.0 ; 0.0 ; 0.0 ; 0.0 ; 0.0 ; 0.0 ; 0.0 ; 0.0 ; 0.0 ; 82.7143 ; 0 ; 0 ; 0 ; 0 ; 0 ; 0 ; 
org::eclipse::core::runtime::internal::adaptor::DefaultStartupMonitor ; 2 ; 0 ; 0 ; 1 ; 16.0 ; 16.0 ; 8.0 ; 3.0 ; 3.0 ; 1.5 ; 13.0 ; 13.0 ; 6.5 ; 81.2857 ; 7.42857 ; 0 ; 0 ; 0 ; 0 ; 0 ; 
org::eclipse::osgi::framework::internal::protocol::ContentHandlerFactory ; 20 ; 2 ; 0 ; 6 ; 161.0 ; 50.0 ; 8.05 ; 122.0 ; 60.0 ; 6.1 ; 39.0 ; 24.0 ; 1.95 ; 239.143 ; 75.8651 ; 0 ; 0 ; 0 ; 0 ; 0 ; 
osgi::lazystart::c::Activator ; 1 ; 0 ; 0 ; 1 ; 0.0 ; 0.0 ; 0.0 ; 0.0 ; 0.0 ; 0.0 ; 0.0 ; 0.0 ; 0.0 ; 85.1429 ; 0 ; 0 ; 0 ; 0 ; 0 ; 0 ; 
org::eclipse::osgi::framework::internal::core::BundleResourceHandler ; 16 ; 0 ; 0 ; 4 ; 670.0 ; 280.0 ; 41.875 ; 97.0 ; 29.0 ; 6.0625 ; 573.0 ; 280.0 ; 35.8125 ; 180.0 ; 11.5712 ; 2 ; 0 ; 0 ; 0 ; 0 ; 
org::eclipse::osgi::framework::internal::core::BundleHost ; 77 ; 14 ; 1 ; 7 ; 790.0 ; 125.0 ; 10.2597 ; 1000.0 ; 183.0 ; 12.987 ; -210.0 ; 49.0 ; -2.72727 ; 239.143 ; 73.3463 ; 7 ; 0 ; 0 ; 0 ; 0 ; 
org::eclipse::core::runtime::internal::adaptor::BasicLocation ; 7 ; 0 ; 1 ; 2 ; 93.0 ; 56.0 ; 13.2857 ; 42.0 ; 22.0 ; 6.0 ; 51.0 ; 34.0 ; 7.28571 ; 162.143 ; 114.169 ; 2 ; 0 ; 0 ; 0 ; 0 ; 
org::eclipse::osgi::internal::resolver::GenericDescriptionImpl ; 1 ; 0 ; 0 ; 1 ; 0.0 ; 0.0 ; 0.0 ; 0.0 ; 0.0 ; 0.0 ; 0.0 ; 0.0 ; 0.0 ; 118.714 ; 0 ; 1 ; 0 ; 0 ; 0 ; 0 ; 
org::eclipse::osgi::framework::internal::core::FrameworkCommandProvider ; 40 ; 3 ; 1 ; 7 ; 2866.0 ; 1355.0 ; 71.65 ; 2438.0 ; 1432.0 ; 60.95 ; 428.0 ; 145.0 ; 10.7 ; 239.143 ; 39.0123 ; 5 ; 0 ; 0 ; 0 ; 0 ; 
osgi::lazystart::LazyInclude1 ; 1 ; 0 ; 0 ; 1 ; 0.0 ; 0.0 ; 0.0 ; 0.0 ; 0.0 ; 0.0 ; 0.0 ; 0.0 ; 0.0 ; 85.1429 ; 0 ; 0 ; 0 ; 0 ; 0 ; 0 ; 
org::eclipse::osgi::framework::internal::core::FrameworkCommandInterpreter ; 19 ; 2 ; 1 ; 6 ; 627.0 ; 454.0 ; 33.0 ; 633.0 ; 481.0 ; 33.3158 ; -6.0 ; 14.0 ; -0.315789 ; 239.143 ; 31.5443 ; 0 ; 0 ; 0 ; 0 ; 0 ; 
org::eclipse::osgi::internal::baseadaptor::SystemBundleData ; 5 ; 0 ; 0 ; 1 ; 361.0 ; 177.0 ; 72.2 ; 1.0 ; 1.0 ; 0.2 ; 360.0 ; 177.0 ; 72.0 ; 125.857 ; 1.08271 ; 2 ; 0 ; 0 ; 0 ; 0 ; 
org::eclipse::osgi::internal::baseadaptor::BundleUpdate ; 6 ; 1 ; 0 ; 1 ; 310.0 ; 154.0 ; 51.6667 ; 5.0 ; 4.0 ; 0.833333 ; 305.0 ; 154.0 ; 50.8333 ; 125.857 ; 0.506912 ; 0 ; 0 ; 0 ; 0 ; 0 ; 
org::eclipse::osgi::internal::resolver::StateReader ; 50 ; 6 ; 0 ; 7 ; 1467.0 ; 430.0 ; 29.34 ; 516.0 ; 170.0 ; 10.32 ; 951.0 ; 374.0 ; 19.02 ; 239.143 ; 74.5032 ; 2 ; 0 ; 0 ; 0 ; 0 ; 
org::eclipse::osgi::internal::signedcontent::SignedBundleFile ; 3 ; 0 ; 0 ; 1 ; 13.0 ; 11.0 ; 4.33333 ; 4.0 ; 2.0 ; 1.33333 ; 9.0 ; 9.0 ; 3.0 ; 27.2857 ; 18.0 ; 0 ; 0 ; 0 ; 0 ; 0 ; 
org::eclipse::osgi::framework::internal::core::ConditionalPermissionInfoImpl ; 18 ; 4 ; 1 ; 2 ; 232.0 ; 62.0 ; 12.8889 ; 102.0 ; 56.0 ; 5.66667 ; 130.0 ; 62.0 ; 7.22222 ; 178.857 ; 26.6299 ; 0 ; 0 ; 0 ; 0 ; 0 ; 
org::eclipse::osgi::internal::signedcontent::SignedContentMessages ; 2 ; 0 ; 0 ; 1 ; 3.0 ; 3.0 ; 1.5 ; 1.0 ; 1.0 ; 0.5 ; 2.0 ; 2.0 ; 1.0 ; 27.2857 ; 12.1429 ; 0 ; 0 ; 0 ; 0 ; 0 ; 
org::eclipse::osgi::framework::eventmgr::EventListeners ; 11 ; 0 ; 0 ; 5 ; 260.0 ; 142.0 ; 23.6364 ; 99.0 ; 49.0 ; 9.0 ; 161.0 ; 131.0 ; 14.6364 ; 239.143 ; 34.961 ; 2 ; 0 ; 0 ; 0 ; 0 ; 
xfriends::test3::Activator ; 1 ; 0 ; 0 ; 1 ; 0.0 ; 0.0 ; 0.0 ; 0.0 ; 0.0 ; 0.0 ; 0.0 ; 0.0 ; 0.0 ; 40.8571 ; 0 ; 0 ; 0 ; 0 ; 0 ; 0 ; 
org::eclipse::osgi::util::NLS ; 19 ; 0 ; 0 ; 4 ; 490.0 ; 237.0 ; 25.7895 ; 193.0 ; 62.0 ; 10.1579 ; 297.0 ; 230.0 ; 15.6316 ; 176.143 ; 45.9746 ; 0 ; 0 ; 0 ; 0 ; 0 ; 
org::eclipse::osgi::framework::debug::Debug ; 21 ; 2 ; 0 ; 5 ; 401.0 ; 170.0 ; 19.0952 ; 204.0 ; 141.0 ; 9.71429 ; 197.0 ; 170.0 ; 9.38095 ; 239.143 ; 45.7075 ; 0 ; 0 ; 0 ; 0 ; 0 ; 
org::eclipse::osgi::framework::internal::core::PackageAdminImpl ; 71 ; 12 ; 2 ; 6 ; 1323.0 ; 371.0 ; 18.6338 ; 1984.0 ; 747.0 ; 27.9437 ; -661.0 ; 28.0 ; -9.30986 ; 218.714 ; 54.4563 ; 7 ; 0 ; 0 ; 0 ; 0 ; 
org::eclipse::osgi::internal::baseadaptor::BaseHookConfigurator ; 5 ; 0 ; 0 ; 1 ; 60.0 ; 28.0 ; 12.0 ; 2.0 ; 1.0 ; 0.4 ; 58.0 ; 28.0 ; 11.6 ; 125.0 ; 0.22619 ; 0 ; 0 ; 0 ; 0 ; 0 ; 
org::eclipse::osgi::baseadaptor::bundlefile::ZipBundleFile ; 13 ; 0 ; 0 ; 1 ; 646.0 ; 285.0 ; 49.6923 ; 22.0 ; 7.0 ; 1.69231 ; 624.0 ; 285.0 ; 48.0 ; 125.857 ; 6.21384 ; 1 ; 0 ; 0 ; 0 ; 0 ; 
substitutes::y::By ; 1 ; 0 ; 0 ; 1 ; 0.0 ; 0.0 ; 0.0 ; 0.0 ; 0.0 ; 0.0 ; 0.0 ; 0.0 ; 0.0 ; 19.1429 ; 0 ; 0 ; 0 ; 0 ; 0 ; 0 ; 
substitutes::x::Lx ; 1 ; 0 ; 0 ; 1 ; 0.0 ; 0.0 ; 0.0 ; 0.0 ; 0.0 ; 0.0 ; 0.0 ; 0.0 ; 0.0 ; 19.1429 ; 0 ; 0 ; 0 ; 0 ; 0 ; 0 ; 
osgi::lazystart::b::excluded::a::BAExcluded ; 1 ; 0 ; 0 ; 1 ; 0.0 ; 0.0 ; 0.0 ; 0.0 ; 0.0 ; 0.0 ; 0.0 ; 0.0 ; 0.0 ; 85.1429 ; 0 ; 0 ; 0 ; 0 ; 0 ; 0 ; 
org::eclipse::osgi::framework::internal::core::BundleLoader ; 105 ; 29 ; 1 ; 7 ; 2604.0 ; 285.0 ; 24.8 ; 2537.0 ; 387.0 ; 24.1619 ; 67.0 ; 111.0 ; 0.638095 ; 239.143 ; 68.7444 ; 4 ; 0 ; 0 ; 0 ; 0 ; 
org::eclipse::osgi::framework::internal::core::ExportedPackageImpl ; 23 ; 4 ; 1 ; 7 ; 207.0 ; 61.0 ; 9.0 ; 153.0 ; 56.0 ; 6.65217 ; 54.0 ; 36.0 ; 2.34783 ; 239.143 ; 67.7108 ; 1 ; 0 ; 0 ; 0 ; 0 ; 
org::eclipse::osgi::framework::internal::protocol::URLStreamHandlerProxy ; 16 ; 1 ; 0 ; 6 ; 139.0 ; 71.0 ; 8.6875 ; 209.0 ; 120.0 ; 13.0625 ; -70.0 ; 3.0 ; -4.375 ; 239.143 ; 49.0504 ; 0 ; 0 ; 0 ; 0 ; 0 ; 
org::osgi::framework::InvalidSyntaxException ; 16 ; 1 ; 0 ; 4 ; 313.0 ; 110.0 ; 19.5625 ; 221.0 ; 64.0 ; 13.8125 ; 92.0 ; 46.0 ; 5.75 ; 239.143 ; 71.078 ; 2 ; 0 ; 0 ; 0 ; 0 ; 
org::eclipse::osgi::baseadaptor::loader::ClasspathManager ; 18 ; 2 ; 0 ; 1 ; 1356.0 ; 572.0 ; 75.3333 ; 140.0 ; 52.0 ; 7.77778 ; 1216.0 ; 572.0 ; 67.5556 ; 125.857 ; 9.93753 ; 1 ; 0 ; 0 ; 0 ; 0 ; 
org::eclipse::osgi::framework::internal::core::SystemBundleLoader ; 14 ; 2 ; 0 ; 6 ; 155.0 ; 89.0 ; 11.0714 ; 74.0 ; 22.0 ; 5.28571 ; 81.0 ; 75.0 ; 5.78571 ; 239.143 ; 148.258 ; 1 ; 0 ; 0 ; 0 ; 0 ; 
org::eclipse::osgi::internal::baseadaptor::AdaptorUtil ; 8 ; 1 ; 0 ; 1 ; 449.0 ; 199.0 ; 56.125 ; 8.0 ; 4.0 ; 1.0 ; 441.0 ; 199.0 ; 55.125 ; 125.857 ; 9.10945 ; 2 ; 0 ; 0 ; 0 ; 0 ; 
org::eclipse::osgi::framework::util::SecureAction ; 27 ; 4 ; 1 ; 5 ; 472.0 ; 102.0 ; 17.4815 ; 143.0 ; 44.0 ; 5.2963 ; 329.0 ; 66.0 ; 12.1852 ; 224.0 ; 70.8021 ; 1 ; 0 ; 0 ; 0 ; 0 ; 
org::eclipse::osgi::framework::internal::protocol::reference::Handler ; 7 ; 1 ; 0 ; 5 ; 45.0 ; 27.0 ; 6.42857 ; 62.0 ; 34.0 ; 8.85714 ; -17.0 ; 0.0 ; -2.42857 ; 239.143 ; 19.9016 ; 0 ; 0 ; 0 ; 0 ; 0 ; 
org::eclipse::osgi::baseadaptor::loader::FragmentClasspath ; 5 ; 0 ; 0 ; 1 ; 147.0 ; 72.0 ; 29.4 ; 2.0 ; 2.0 ; 0.4 ; 145.0 ; 72.0 ; 29.0 ; 125.857 ; 0.705539 ; 0 ; 0 ; 0 ; 0 ; 0 ; 
org::eclipse::osgi::framework::internal::core::AbstractBundle ; 67 ; 11 ; 2 ; 5 ; 789.0 ; 93.0 ; 11.7761 ; 905.0 ; 230.0 ; 13.5075 ; -116.0 ; 89.0 ; -1.73134 ; 218.714 ; 63.453 ; 10 ; 0 ; 0 ; 0 ; 0 ; 
org::eclipse::osgi::framework::internal::reliablefile::ReliableFileInputStream ; 12 ; 2 ; 0 ; 7 ; 220.0 ; 104.0 ; 18.3333 ; 104.0 ; 78.0 ; 8.66667 ; 116.0 ; 102.0 ; 9.66667 ; 239.143 ; 31.0792 ; 0 ; 0 ; 0 ; 0 ; 0 ; 
host::multiple::exports::onlyone::PublicClass1 ; 1 ; 0 ; 0 ; 1 ; 0.0 ; 0.0 ; 0.0 ; 0.0 ; 0.0 ; 0.0 ; 0.0 ; 0.0 ; 0.0 ; 40.8571 ; 0 ; 0 ; 0 ; 0 ; 0 ; 0 ; 
substitutes::z::Ez ; 1 ; 0 ; 0 ; 1 ; 0.0 ; 0.0 ; 0.0 ; 0.0 ; 0.0 ; 0.0 ; 0.0 ; 0.0 ; 0.0 ; 19.1429 ; 0 ; 0 ; 0 ; 0 ; 0 ; 0 ; 
substitutes::x::Jx ; 1 ; 0 ; 0 ; 1 ; 0.0 ; 0.0 ; 0.0 ; 0.0 ; 0.0 ; 0.0 ; 0.0 ; 0.0 ; 0.0 ; 19.1429 ; 0 ; 0 ; 0 ; 0 ; 0 ; 0 ; 
org::eclipse::osgi::internal::baseadaptor::BundleInstall ; 4 ; 0 ; 0 ; 1 ; 265.0 ; 132.0 ; 66.25 ; 3.0 ; 3.0 ; 0.75 ; 262.0 ; 132.0 ; 65.5 ; 125.857 ; 0.500809 ; 0 ; 0 ; 0 ; 0 ; 0 ; 
nativetest::a2::Activator ; 1 ; 0 ; 0 ; 1 ; 0.0 ; 0.0 ; 0.0 ; 0.0 ; 0.0 ; 0.0 ; 0.0 ; 0.0 ; 0.0 ; 53.0 ; 0 ; 0 ; 0 ; 0 ; 0 ; 0 ; 
org::eclipse::osgi::framework::internal::core::BundleCombinedPermissions ; 18 ; 4 ; 1 ; 6 ; 251.0 ; 128.0 ; 13.9444 ; 265.0 ; 149.0 ; 14.7222 ; -14.0 ; 26.0 ; -0.777778 ; 239.143 ; 49.6773 ; 0 ; 0 ; 0 ; 0 ; 0 ; 
org::eclipse::osgi::tests::appadmin::FailedApp ; 1 ; 0 ; 0 ; 1 ; 0.0 ; 0.0 ; 0.0 ; 0.0 ; 0.0 ; 0.0 ; 0.0 ; 0.0 ; 0.0 ; 39.7143 ; 0 ; 0 ; 0 ; 0 ; 0 ; 0 ; 
client2::multiple::exports::Activator ; 1 ; 0 ; 0 ; 1 ; 0.0 ; 0.0 ; 0.0 ; 0.0 ; 0.0 ; 0.0 ; 0.0 ; 0.0 ; 0.0 ; 40.8571 ; 0 ; 0 ; 0 ; 0 ; 0 ; 0 ; 
org::eclipse::osgi::internal::provisional::service::security::AuthorizationStatus ; 1 ; 0 ; 0 ; 1 ; 0.0 ; 0.0 ; 0.0 ; 0.0 ; 0.0 ; 0.0 ; 0.0 ; 0.0 ; 0.0 ; 13.0 ; 0 ; 0 ; 0 ; 0 ; 0 ; 0 ; 
org::eclipse::core::runtime::adaptor::EclipseStarter ; 169 ; 35 ; 1 ; 7 ; 2958.0 ; 124.0 ; 17.503 ; 1610.0 ; 128.0 ; 9.52663 ; 1348.0 ; 104.0 ; 7.97633 ; 239.143 ; 63.7094 ; 4 ; 0 ; 0 ; 0 ; 0 ; 
org::eclipse::osgi::service::resolver::VersionRange ; 9 ; 0 ; 0 ; 3 ; 342.0 ; 161.0 ; 38.0 ; 16.0 ; 6.0 ; 1.77778 ; 326.0 ; 161.0 ; 36.2222 ; 180.0 ; 3.12239 ; 1 ; 0 ; 0 ; 0 ; 0 ; 
org::eclipse::osgi::internal::module::GroupingChecker ; 26 ; 3 ; 0 ; 3 ; 1624.0 ; 335.0 ; 62.4615 ; 881.0 ; 340.0 ; 33.8846 ; 743.0 ; 335.0 ; 28.5769 ; 180.0 ; 39.1218 ; 0 ; 0 ; 0 ; 0 ; 0 ; 
org::eclipse::core::runtime::internal::adaptor::EclipseErrorHandler ; 4 ; 0 ; 0 ; 1 ; 280.0 ; 165.0 ; 70.0 ; 62.0 ; 62.0 ; 15.5 ; 218.0 ; 165.0 ; 54.5 ; 125.857 ; 0.401531 ; 1 ; 0 ; 0 ; 0 ; 0 ; 
legacy::lazystart::TrueExceptionLegacy2 ; 1 ; 0 ; 0 ; 1 ; 0.0 ; 0.0 ; 0.0 ; 0.0 ; 0.0 ; 0.0 ; 0.0 ; 0.0 ; 0.0 ; 85.1429 ; 0 ; 0 ; 0 ; 0 ; 0 ; 0 ; 
org::eclipse::osgi::baseadaptor::bundlefile::ZipBundleEntry ; 8 ; 0 ; 0 ; 1 ; 280.0 ; 101.0 ; 35.0 ; 12.0 ; 6.0 ; 1.5 ; 268.0 ; 101.0 ; 33.5 ; 125.857 ; 23.3423 ; 1 ; 0 ; 0 ; 0 ; 0 ; 
org::osgi::framework::BundleException ; 18 ; 2 ; 0 ; 4 ; 344.0 ; 101.0 ; 19.1111 ; 324.0 ; 106.0 ; 18.0 ; 20.0 ; 28.0 ; 1.11111 ; 239.143 ; 59.1516 ; 2 ; 0 ; 0 ; 0 ; 0 ; 
org::eclipse::osgi::framework::internal::core::SystemPolicy ; 2 ; 0 ; 0 ; 2 ; 3.0 ; 3.0 ; 1.5 ; 3.0 ; 3.0 ; 1.5 ; 0.0 ; 0.0 ; 0.0 ; 163.0 ; 144.857 ; 1 ; 0 ; 0 ; 0 ; 0 ; 
org::eclipse::osgi::framework::util::Headers ; 20 ; 5 ; 0 ; 5 ; 483.0 ; 249.0 ; 24.15 ; 496.0 ; 276.0 ; 24.8 ; -13.0 ; 23.0 ; -0.65 ; 239.143 ; 51.7232 ; 1 ; 0 ; 0 ; 0 ; 0 ; 
org::eclipse::osgi::framework::internal::core::PermissionAdminImpl ; 26 ; 4 ; 2 ; 3 ; 224.0 ; 63.0 ; 8.61538 ; 309.0 ; 186.0 ; 11.8846 ; -85.0 ; 35.0 ; -3.26923 ; 218.714 ; 50.9311 ; 0 ; 0 ; 0 ; 0 ; 0 ; 
org::eclipse::osgi::internal::baseadaptor::InvalidVersion ; 5 ; 0 ; 0 ; 1 ; 91.0 ; 43.0 ; 18.2 ; 4.0 ; 3.0 ; 0.8 ; 87.0 ; 43.0 ; 17.4 ; 125.857 ; 3.32967 ; 0 ; 0 ; 0 ; 0 ; 0 ; 
substitutes::y::My ; 1 ; 0 ; 0 ; 1 ; 0.0 ; 0.0 ; 0.0 ; 0.0 ; 0.0 ; 0.0 ; 0.0 ; 0.0 ; 0.0 ; 19.1429 ; 0 ; 0 ; 0 ; 0 ; 0 ; 0 ; 
org::eclipse::osgi::internal::resolver::ComputeNodeOrder ; 7 ; 3 ; 0 ; 3 ; 11.0 ; 4.0 ; 1.57143 ; 13.0 ; 4.0 ; 1.85714 ; -2.0 ; 0.0 ; -0.285714 ; 217.286 ; 71.4545 ; 0 ; 0 ; 0 ; 0 ; 0 ; 
org::eclipse::osgi::framework::util::KeyedHashSet ; 5 ; 0 ; 0 ; 1 ; 982.0 ; 489.0 ; 196.4 ; 3.0 ; 2.0 ; 0.6 ; 979.0 ; 489.0 ; 195.8 ; 125.857 ; 0.532296 ; 0 ; 0 ; 0 ; 0 ; 0 ; 
chain::test::b::Activator ; 1 ; 0 ; 0 ; 1 ; 0.0 ; 0.0 ; 0.0 ; 0.0 ; 0.0 ; 0.0 ; 0.0 ; 0.0 ; 0.0 ; 85.1429 ; 0 ; 0 ; 0 ; 0 ; 0 ; 0 ; 
org::eclipse::osgi::internal::resolver::UserState ; 10 ; 3 ; 0 ; 4 ; 110.0 ; 37.0 ; 11.0 ; 91.0 ; 25.0 ; 9.1 ; 19.0 ; 27.0 ; 1.9 ; 237.714 ; 36.3065 ; 1 ; 0 ; 0 ; 0 ; 0 ; 
org::eclipse::osgi::internal::signedcontent::SignedBundleHook ; 4 ; 0 ; 0 ; 1 ; 5.0 ; 2.0 ; 1.25 ; 5.0 ; 2.0 ; 1.25 ; 0.0 ; 0.0 ; 0.0 ; 27.2857 ; 11.0857 ; 2 ; 0 ; 0 ; 0 ; 0 ; 
org::eclipse::core::runtime::internal::adaptor::PluginConverterImpl ; 16 ; 0 ; 0 ; 3 ; 80.0 ; 27.0 ; 5.0 ; 60.0 ; 15.0 ; 3.75 ; 20.0 ; 12.0 ; 1.25 ; 162.143 ; 36.6125 ; 0 ; 0 ; 0 ; 0 ; 0 ; 
org::eclipse::osgi::internal::resolver::HostSpecificationImpl ; 11 ; 0 ; 0 ; 6 ; 88.0 ; 26.0 ; 8.0 ; 39.0 ; 13.0 ; 3.54545 ; 49.0 ; 13.0 ; 4.45455 ; 239.143 ; 58.4562 ; 1 ; 0 ; 0 ; 0 ; 0 ; 
org::osgi::framework::BundlePermission ; 18 ; 4 ; 0 ; 4 ; 849.0 ; 551.0 ; 47.1667 ; 871.0 ; 570.0 ; 48.3889 ; -22.0 ; 44.0 ; -1.22222 ; 239.143 ; 64.3996 ; 1 ; 0 ; 0 ; 0 ; 0 ; 
org::eclipse::osgi::internal::signedcontent::LegacyVerifierFactory ; 1 ; 0 ; 0 ; 1 ; 0.0 ; 0.0 ; 0.0 ; 0.0 ; 0.0 ; 0.0 ; 0.0 ; 0.0 ; 0.0 ; 27.2857 ; 0 ; 1 ; 0 ; 0 ; 0 ; 0 ; 
org::eclipse::osgi::framework::internal::core::GlobalPolicy ; 4 ; 0 ; 0 ; 2 ; 46.0 ; 29.0 ; 11.5 ; 37.0 ; 26.0 ; 9.25 ; 9.0 ; 20.0 ; 2.25 ; 163.0 ; 58.2391 ; 1 ; 0 ; 0 ; 0 ; 0 ; 
org::eclipse::osgi::framework::internal::core::BundleContextImpl ; 35 ; 8 ; 1 ; 6 ; 504.0 ; 74.0 ; 14.4 ; 394.0 ; 77.0 ; 11.2571 ; 110.0 ; 37.0 ; 3.14286 ; 218.714 ; 65.8846 ; 4 ; 0 ; 0 ; 0 ; 0 ; 
legacy::lazystart::b::Activator ; 1 ; 0 ; 0 ; 1 ; 0.0 ; 0.0 ; 0.0 ; 0.0 ; 0.0 ; 0.0 ; 0.0 ; 0.0 ; 0.0 ; 85.1429 ; 0 ; 0 ; 0 ; 0 ; 0 ; 0 ; 
org::eclipse::osgi::framework::debug::FrameworkDebugOptions ; 5 ; 0 ; 1 ; 2 ; 8.0 ; 4.0 ; 1.6 ; 3.0 ; 3.0 ; 0.6 ; 5.0 ; 3.0 ; 1.0 ; 162.143 ; 18.125 ; 0 ; 0 ; 0 ; 0 ; 0 ; 
org::eclipse::osgi::internal::module::ResolverConstraint ; 8 ; 0 ; 0 ; 1 ; 101.0 ; 86.0 ; 12.625 ; 15.0 ; 10.0 ; 1.875 ; 86.0 ; 76.0 ; 10.75 ; 155.0 ; 90.215 ; 0 ; 0 ; 0 ; 0 ; 0 ; 
org::eclipse::osgi::internal::module::MappedList ; 1 ; 0 ; 0 ; 1 ; 0.0 ; 0.0 ; 0.0 ; 0.0 ; 0.0 ; 0.0 ; 0.0 ; 0.0 ; 0.0 ; 155.0 ; 0 ; 1 ; 0 ; 0 ; 0 ; 0 ; 
org::eclipse::osgi::framework::internal::protocol::URLStreamHandlerSetter ; 6 ; 0 ; 0 ; 5 ; 17.0 ; 9.0 ; 2.83333 ; 35.0 ; 28.0 ; 5.83333 ; -18.0 ; 1.0 ; -3.0 ; 239.143 ; 33.7731 ; 0 ; 0 ; 0 ; 0 ; 0 ; 
org::eclipse::osgi::framework::internal::core::SingleSourcePackage ; 14 ; 1 ; 0 ; 6 ; 91.0 ; 24.0 ; 6.5 ; 56.0 ; 10.0 ; 4.0 ; 35.0 ; 14.0 ; 2.5 ; 239.143 ; 59.6986 ; 1 ; 0 ; 0 ; 0 ; 0 ; 
org::osgi::framework::FrameworkUtil ; 11 ; 0 ; 0 ; 2 ; 134.0 ; 84.0 ; 12.1818 ; 109.0 ; 83.0 ; 9.90909 ; 25.0 ; 79.0 ; 2.27273 ; 153.714 ; 14.8571 ; 2 ; 0 ; 0 ; 0 ; 0 ; 
org::eclipse::osgi::framework::internal::core::ManifestLocalization ; 25 ; 8 ; 1 ; 6 ; 230.0 ; 69.0 ; 9.2 ; 207.0 ; 60.0 ; 8.28 ; 23.0 ; 21.0 ; 0.92 ; 227.286 ; 34.2242 ; 2 ; 0 ; 0 ; 0 ; 0 ; 
org::eclipse::core::runtime::internal::adaptor::EclipseAdaptorHook ; 11 ; 0 ; 1 ; 2 ; 454.0 ; 210.0 ; 41.2727 ; 38.0 ; 14.0 ; 3.45455 ; 416.0 ; 210.0 ; 37.8182 ; 125.857 ; 8.03398 ; 3 ; 0 ; 0 ; 0 ; 0 ; 
org::eclipse::osgi::framework::internal::core::Constants ; 39 ; 1 ; 0 ; 6 ; 457.0 ; 75.0 ; 11.7179 ; 238.0 ; 66.0 ; 6.10256 ; 219.0 ; 75.0 ; 5.61538 ; 239.143 ; 52.698 ; 2 ; 0 ; 0 ; 0 ; 0 ; 
org::osgi::service::condpermadmin::BundleLocationCondition ; 12 ; 2 ; 0 ; 2 ; 234.0 ; 80.0 ; 19.5 ; 160.0 ; 58.0 ; 13.3333 ; 74.0 ; 60.0 ; 6.16667 ; 178.714 ; 29.7265 ; 1 ; 0 ; 0 ; 0 ; 0 ; 
org::eclipse::osgi::internal::service::security::DefaultAuthorizationEngine ; 6 ; 0 ; 0 ; 1 ; 111.0 ; 78.0 ; 18.5 ; 30.0 ; 19.0 ; 5.0 ; 81.0 ; 59.0 ; 13.5 ; 27.2857 ; 11.7194 ; 0 ; 0 ; 0 ; 0 ; 0 ; 
org::eclipse::osgi::internal::signedcontent::SignedStorageHook ; 1 ; 0 ; 0 ; 1 ; 0.0 ; 0.0 ; 0.0 ; 0.0 ; 0.0 ; 0.0 ; 0.0 ; 0.0 ; 0.0 ; 27.2857 ; 0 ; 1 ; 0 ; 0 ; 0 ; 0 ; 
org::eclipse::osgi::framework::internal::core::FrameworkConsole ; 32 ; 4 ; 0 ; 7 ; 383.0 ; 130.0 ; 11.9687 ; 394.0 ; 93.0 ; 12.3125 ; -11.0 ; 37.0 ; -0.34375 ; 239.143 ; 134.957 ; 3 ; 0 ; 0 ; 0 ; 0 ; 
org::eclipse::osgi::framework::internal::protocol::ContentHandlerProxy ; 15 ; 0 ; 0 ; 6 ; 124.0 ; 60.0 ; 8.26667 ; 158.0 ; 86.0 ; 10.5333 ; -34.0 ; 3.0 ; -2.26667 ; 239.143 ; 53.3629 ; 0 ; 0 ; 0 ; 0 ; 0 ; 
org::eclipse::osgi::internal::resolver::ResolverErrorImpl ; 7 ; 1 ; 0 ; 1 ; 28.0 ; 10.0 ; 4.0 ; 4.0 ; 3.0 ; 0.571429 ; 24.0 ; 10.0 ; 3.42857 ; 145.286 ; 41.6582 ; 1 ; 0 ; 0 ; 0 ; 0 ; 
substitutes::y::Ky ; 1 ; 0 ; 0 ; 1 ; 0.0 ; 0.0 ; 0.0 ; 0.0 ; 0.0 ; 0.0 ; 0.0 ; 0.0 ; 0.0 ; 19.1429 ; 0 ; 0 ; 0 ; 0 ; 0 ; 0 ; 
org::osgi::framework::AdminPermission ; 31 ; 5 ; 0 ; 4 ; 2965.0 ; 768.0 ; 95.6452 ; 2272.0 ; 442.0 ; 73.2903 ; 693.0 ; 619.0 ; 22.3548 ; 239.143 ; 75.5909 ; 4 ; 0 ; 0 ; 0 ; 0 ; 
org::eclipse::osgi::internal::signedcontent::SignerInfoImpl ; 1 ; 0 ; 0 ; 1 ; 0.0 ; 0.0 ; 0.0 ; 0.0 ; 0.0 ; 0.0 ; 0.0 ; 0.0 ; 0.0 ; 27.2857 ; 0 ; 0 ; 0 ; 0 ; 0 ; 0 ; 
org::eclipse::core::launcher::Main ; 3 ; 0 ; 0 ; 1 ; 12.0 ; 8.0 ; 4.0 ; 5.0 ; 3.0 ; 1.66667 ; 7.0 ; 6.0 ; 2.33333 ; 81.0 ; 19.2381 ; 0 ; 0 ; 0 ; 0 ; 0 ; 
org::eclipse::osgi::baseadaptor::BaseData ; 15 ; 2 ; 0 ; 1 ; 1033.0 ; 442.0 ; 68.8667 ; 73.0 ; 28.0 ; 4.86667 ; 960.0 ; 442.0 ; 64.0 ; 125.857 ; 3.26151 ; 3 ; 0 ; 0 ; 0 ; 0 ; 
osgi::lazystart::b::Activator ; 1 ; 0 ; 0 ; 1 ; 0.0 ; 0.0 ; 0.0 ; 0.0 ; 0.0 ; 0.0 ; 0.0 ; 0.0 ; 0.0 ; 85.1429 ; 0 ; 0 ; 0 ; 0 ; 0 ; 0 ; 
org::eclipse::osgi::framework::adaptor::BundleProtectionDomain ; 8 ; 1 ; 0 ; 2 ; 57.0 ; 37.0 ; 7.125 ; 57.0 ; 42.0 ; 7.125 ; 0.0 ; 33.0 ; 0.0 ; 179.0 ; 2.4787 ; 0 ; 0 ; 0 ; 0 ; 0 ; 
org::eclipse::osgi::framework::adaptor::FilePath ; 3 ; 0 ; 0 ; 2 ; 4.0 ; 2.0 ; 1.33333 ; 4.0 ; 2.0 ; 1.33333 ; 0.0 ; 0.0 ; 0.0 ; 159.0 ; 76.4286 ; 0 ; 0 ; 0 ; 0 ; 0 ; 
org::eclipse::osgi::internal::baseadaptor::DevClassPathHelper ; 3 ; 0 ; 0 ; 1 ; 234.0 ; 117.0 ; 78.0 ; 0.0 ; 0.0 ; 0.0 ; 234.0 ; 117.0 ; 78.0 ; 125.857 ; 0.5 ; 0 ; 0 ; 0 ; 0 ; 0 ; 
osgi::lazystart::LazyExclude2 ; 1 ; 0 ; 0 ; 1 ; 0.0 ; 0.0 ; 0.0 ; 0.0 ; 0.0 ; 0.0 ; 0.0 ; 0.0 ; 0.0 ; 85.1429 ; 0 ; 0 ; 0 ; 0 ; 0 ; 0 ; 
org::eclipse::osgi::baseadaptor::BaseAdaptor ; 15 ; 1 ; 0 ; 1 ; 1146.0 ; 550.0 ; 76.4 ; 127.0 ; 51.0 ; 8.46667 ; 1019.0 ; 550.0 ; 67.9333 ; 125.857 ; 0.858639 ; 2 ; 0 ; 0 ; 0 ; 0 ; 
org::eclipse::osgi::internal::resolver::ImportPackageSpecificationImpl ; 20 ; 0 ; 0 ; 3 ; 394.0 ; 146.0 ; 19.7 ; 85.0 ; 27.0 ; 4.25 ; 309.0 ; 146.0 ; 15.45 ; 180.0 ; 10.7237 ; 1 ; 0 ; 0 ; 0 ; 0 ; 
org::eclipse::osgi::framework::internal::core::FilteredSourcePackage ; 9 ; 0 ; 0 ; 3 ; 212.0 ; 86.0 ; 23.5556 ; 28.0 ; 10.0 ; 3.11111 ; 184.0 ; 86.0 ; 20.4444 ; 180.0 ; 6.76954 ; 1 ; 0 ; 0 ; 0 ; 0 ; 
org::eclipse::osgi::internal::resolver::NativeCodeSpecificationImpl ; 4 ; 0 ; 0 ; 1 ; 41.0 ; 15.0 ; 10.25 ; 29.0 ; 14.0 ; 7.25 ; 12.0 ; 8.0 ; 3.0 ; 42.0 ; 10.446 ; 1 ; 0 ; 0 ; 0 ; 0 ; 
org::osgi::framework::BundleEvent ; 18 ; 2 ; 0 ; 4 ; 526.0 ; 140.0 ; 29.2222 ; 449.0 ; 144.0 ; 24.9444 ; 77.0 ; 33.0 ; 4.27778 ; 239.143 ; 77.5598 ; 1 ; 0 ; 0 ; 0 ; 0 ; 
org::eclipse::osgi::internal::baseadaptor::BundleUninstall ; 3 ; 0 ; 0 ; 1 ; 136.0 ; 68.0 ; 45.3333 ; 0.0 ; 0.0 ; 0.0 ; 136.0 ; 68.0 ; 45.3333 ; 125.857 ; 0.5 ; 0 ; 0 ; 0 ; 0 ; 0 ; 
org::eclipse::osgi::internal::resolver::NativeCodeDescriptionImpl ; 1 ; 0 ; 0 ; 1 ; 0.0 ; 0.0 ; 0.0 ; 0.0 ; 0.0 ; 0.0 ; 0.0 ; 0.0 ; 0.0 ; 42.0 ; 0 ; 2 ; 0 ; 0 ; 0 ; 0 ; 
org::eclipse::osgi::internal::baseadaptor::BaseStorage ; 31 ; 1 ; 0 ; 1 ; 2656.0 ; 1111.0 ; 85.6774 ; 126.0 ; 33.0 ; 4.06452 ; 2530.0 ; 1111.0 ; 81.6129 ; 125.857 ; 9.31847 ; 3 ; 0 ; 0 ; 0 ; 0 ; 
org::eclipse::osgi::framework::internal::protocol::bundleresource::Handler ; 13 ; 1 ; 1 ; 4 ; 78.0 ; 16.0 ; 6.0 ; 56.0 ; 10.0 ; 4.30769 ; 22.0 ; 10.0 ; 1.69231 ; 231.429 ; 65.7912 ; 0 ; 0 ; 0 ; 0 ; 0 ; 
org::osgi::framework::Version ; 11 ; 0 ; 0 ; 2 ; 775.0 ; 360.0 ; 70.4545 ; 60.0 ; 23.0 ; 5.45455 ; 715.0 ; 360.0 ; 65.0 ; 180.0 ; 3.36479 ; 1 ; 0 ; 0 ; 0 ; 0 ; 
xfriends::test2::Activator ; 1 ; 0 ; 0 ; 1 ; 0.0 ; 0.0 ; 0.0 ; 0.0 ; 0.0 ; 0.0 ; 0.0 ; 0.0 ; 0.0 ; 40.8571 ; 0 ; 0 ; 0 ; 0 ; 0 ; 0 ; 
org::eclipse::osgi::storagemanager::ManagedOutputStream ; 6 ; 1 ; 0 ; 1 ; 7.0 ; 3.0 ; 1.16667 ; 2.0 ; 1.0 ; 0.333333 ; 5.0 ; 2.0 ; 0.833333 ; 127.857 ; 34.7551 ; 1 ; 1 ; 0 ; 0 ; 0 ; 
org::eclipse::osgi::baseadaptor::loader::ClasspathEntry ; 5 ; 0 ; 0 ; 1 ; 163.0 ; 80.0 ; 32.6 ; 2.0 ; 2.0 ; 0.4 ; 161.0 ; 80.0 ; 32.2 ; 125.857 ; 0.685364 ; 0 ; 0 ; 0 ; 0 ; 0 ; 
org::eclipse::osgi::framework::internal::core::Util ; 7 ; 1 ; 0 ; 5 ; 200.0 ; 190.0 ; 28.5714 ; 210.0 ; 200.0 ; 30.0 ; -10.0 ; 0.0 ; -1.42857 ; 239.143 ; 7.53071 ; 0 ; 0 ; 0 ; 0 ; 0 ; 
osgi::lazystart::LazyInclude2 ; 1 ; 0 ; 0 ; 1 ; 0.0 ; 0.0 ; 0.0 ; 0.0 ; 0.0 ; 0.0 ; 0.0 ; 0.0 ; 0.0 ; 85.1429 ; 0 ; 0 ; 0 ; 0 ; 0 ; 0 ; 
chain::test::a::AChain ; 1 ; 0 ; 0 ; 1 ; 0.0 ; 0.0 ; 0.0 ; 0.0 ; 0.0 ; 0.0 ; 0.0 ; 0.0 ; 0.0 ; 85.1429 ; 0 ; 0 ; 0 ; 0 ; 0 ; 0 ; 
org::eclipse::osgi::internal::resolver::ReadOnlyState ; 24 ; 2 ; 0 ; 5 ; 210.0 ; 45.0 ; 8.75 ; 101.0 ; 41.0 ; 4.20833 ; 109.0 ; 27.0 ; 4.54167 ; 230.143 ; 68.6218 ; 1 ; 0 ; 0 ; 0 ; 0 ; 
substitutes::y::Iy ; 1 ; 0 ; 0 ; 1 ; 0.0 ; 0.0 ; 0.0 ; 0.0 ; 0.0 ; 0.0 ; 0.0 ; 0.0 ; 0.0 ; 19.1429 ; 0 ; 0 ; 0 ; 0 ; 0 ; 0 ; 
client1::multiple::exports::Activator ; 1 ; 0 ; 0 ; 1 ; 0.0 ; 0.0 ; 0.0 ; 0.0 ; 0.0 ; 0.0 ; 0.0 ; 0.0 ; 0.0 ; 40.8571 ; 0 ; 0 ; 0 ; 0 ; 0 ; 0 ; 
org::eclipse::osgi::internal::module::ResolverImport ; 9 ; 1 ; 0 ; 3 ; 383.0 ; 177.0 ; 42.5556 ; 161.0 ; 70.0 ; 17.8889 ; 222.0 ; 177.0 ; 24.6667 ; 180.0 ; 1.96792 ; 0 ; 0 ; 0 ; 0 ; 0 ; 
org::eclipse::osgi::framework::internal::protocol::NullURLStreamHandlerService ; 7 ; 1 ; 0 ; 5 ; 24.0 ; 16.0 ; 3.42857 ; 85.0 ; 43.0 ; 12.1429 ; -61.0 ; 0.0 ; -8.71429 ; 239.143 ; 25.3869 ; 0 ; 0 ; 0 ; 0 ; 0 ; 
org::eclipse::osgi::framework::internal::core::FilteredServiceListener ; 13 ; 3 ; 1 ; 7 ; 156.0 ; 52.0 ; 12.0 ; 116.0 ; 60.0 ; 8.92308 ; 40.0 ; 23.0 ; 3.07692 ; 239.143 ; 77.5147 ; 1 ; 0 ; 0 ; 0 ; 0 ; 
org::eclipse::core::runtime::adaptor::EclipseLog ; 38 ; 7 ; 0 ; 6 ; 795.0 ; 296.0 ; 20.9211 ; 173.0 ; 39.0 ; 4.55263 ; 622.0 ; 257.0 ; 16.3684 ; 229.0 ; 53.9493 ; 0 ; 0 ; 0 ; 0 ; 0 ; 
org::eclipse::osgi::internal::baseadaptor::StateManager ; 9 ; 0 ; 0 ; 1 ; 671.0 ; 341.0 ; 74.5556 ; 43.0 ; 37.0 ; 4.77778 ; 628.0 ; 341.0 ; 69.7778 ; 125.857 ; 2.92463 ; 1 ; 0 ; 0 ; 0 ; 0 ; 
org::eclipse::osgi::baseadaptor::HookRegistry ; 12 ; 0 ; 0 ; 1 ; 662.0 ; 282.0 ; 55.1667 ; 56.0 ; 22.0 ; 4.66667 ; 606.0 ; 282.0 ; 50.5 ; 125.857 ; 4.61135 ; 0 ; 0 ; 0 ; 0 ; 0 ; 
org::eclipse::osgi::service::security::TrustEngine ; 3 ; 0 ; 0 ; 1 ; 5.0 ; 3.0 ; 1.66667 ; 1.0 ; 1.0 ; 0.333333 ; 4.0 ; 3.0 ; 1.33333 ; 27.2857 ; 14.2 ; 0 ; 0 ; 0 ; 0 ; 0 ; 
org::eclipse::osgi::framework::internal::core::BundleLoaderProxy ; 47 ; 4 ; 1 ; 7 ; 688.0 ; 157.0 ; 14.6383 ; 575.0 ; 161.0 ; 12.234 ; 113.0 ; 46.0 ; 2.40426 ; 239.143 ; 56.9778 ; 1 ; 0 ; 0 ; 0 ; 0 ; 
org::eclipse::osgi::util::ManifestElement ; 32 ; 6 ; 1 ; 7 ; 877.0 ; 162.0 ; 27.4062 ; 813.0 ; 331.0 ; 25.4063 ; 64.0 ; 102.0 ; 2.0 ; 237.143 ; 40.9471 ; 0 ; 0 ; 0 ; 0 ; 0 ; 
org::eclipse::osgi::framework::internal::core::RegisteredPolicy ; 4 ; 0 ; 0 ; 2 ; 33.0 ; 21.0 ; 8.25 ; 29.0 ; 19.0 ; 7.25 ; 4.0 ; 13.0 ; 1.0 ; 163.0 ; 57.4805 ; 1 ; 0 ; 0 ; 0 ; 0 ; 
org::eclipse::osgi::framework::eventmgr::ListenerQueue ; 10 ; 0 ; 0 ; 4 ; 55.0 ; 27.0 ; 5.5 ; 51.0 ; 27.0 ; 5.1 ; 4.0 ; 2.0 ; 0.4 ; 218.857 ; 29.1065 ; 1 ; 0 ; 0 ; 0 ; 0 ; 
org::eclipse::core::runtime::internal::adaptor::EclipseStorageHook ; 9 ; 0 ; 0 ; 1 ; 980.0 ; 406.0 ; 108.889 ; 88.0 ; 61.0 ; 9.77778 ; 892.0 ; 406.0 ; 99.1111 ; 125.857 ; 7.39883 ; 3 ; 0 ; 0 ; 0 ; 0 ; 
org::osgi::service::url::AbstractURLStreamHandlerService ; 9 ; 0 ; 0 ; 4 ; 345.0 ; 149.0 ; 38.3333 ; 361.0 ; 152.0 ; 40.1111 ; -16.0 ; 8.0 ; -1.77778 ; 239.143 ; 63.3379 ; 1 ; 0 ; 0 ; 0 ; 0 ; 
org::eclipse::osgi::framework::internal::core::OSGi ; 12 ; 1 ; 0 ; 6 ; 116.0 ; 86.0 ; 9.66667 ; 127.0 ; 95.0 ; 10.5833 ; -11.0 ; 0.0 ; -0.916667 ; 239.143 ; 24.7007 ; 1 ; 0 ; 0 ; 0 ; 0 ; 
test1::Activator ; 1 ; 0 ; 0 ; 1 ; 0.0 ; 0.0 ; 0.0 ; 0.0 ; 0.0 ; 0.0 ; 0.0 ; 0.0 ; 0.0 ; 85.1429 ; 0 ; 0 ; 0 ; 0 ; 0 ; 0 ; 
nativetest::a1::Activator ; 1 ; 0 ; 0 ; 1 ; 0.0 ; 0.0 ; 0.0 ; 0.0 ; 0.0 ; 0.0 ; 0.0 ; 0.0 ; 0.0 ; 53.0 ; 0 ; 0 ; 0 ; 0 ; 0 ; 0 ; 
org::eclipse::osgi::internal::signedcontent::SignedContentFile ; 1 ; 0 ; 0 ; 1 ; 0.0 ; 0.0 ; 0.0 ; 0.0 ; 0.0 ; 0.0 ; 0.0 ; 0.0 ; 0.0 ; 11.0 ; 0 ; 0 ; 0 ; 0 ; 0 ; 0 ; 
org::eclipse::equinox::launcher::JNIBridge ; 8 ; 1 ; 0 ; 1 ; 51.0 ; 22.0 ; 6.375 ; 22.0 ; 7.0 ; 2.75 ; 29.0 ; 22.0 ; 3.625 ; 81.1429 ; 15.549 ; 0 ; 0 ; 0 ; 0 ; 0 ; 
org::eclipse::core::runtime::internal::adaptor::MessageHelper ; 1 ; 0 ; 1 ; 1 ; 0.0 ; 0.0 ; 0.0 ; 0.0 ; 0.0 ; 0.0 ; 0.0 ; 0.0 ; 0.0 ; 82.7143 ; 0 ; 0 ; 0 ; 0 ; 0 ; 0 ; 
substitutes::x::Bx ; 1 ; 0 ; 0 ; 1 ; 0.0 ; 0.0 ; 0.0 ; 0.0 ; 0.0 ; 0.0 ; 0.0 ; 0.0 ; 0.0 ; 19.1429 ; 0 ; 0 ; 0 ; 0 ; 0 ; 0 ; 
org::eclipse::osgi::framework::internal::core::ConditionalPermissions ; 14 ; 3 ; 1 ; 2 ; 157.0 ; 61.0 ; 11.2143 ; 89.0 ; 28.0 ; 6.35714 ; 68.0 ; 33.0 ; 4.85714 ; 178.857 ; 14.7607 ; 0 ; 0 ; 0 ; 0 ; 0 ; 
legacy::lazystart::c::excluded::b::CBExcluded ; 1 ; 0 ; 0 ; 1 ; 0.0 ; 0.0 ; 0.0 ; 0.0 ; 0.0 ; 0.0 ; 0.0 ; 0.0 ; 0.0 ; 85.1429 ; 0 ; 0 ; 0 ; 0 ; 0 ; 0 ; 
org::eclipse::osgi::internal::module::GenericConstraint ; 2 ; 0 ; 0 ; 1 ; 2.0 ; 2.0 ; 1.0 ; 2.0 ; 2.0 ; 1.0 ; 0.0 ; 0.0 ; 0.0 ; 118.714 ; 75.4286 ; 0 ; 0 ; 0 ; 0 ; 0 ; 
org::eclipse::osgi::framework::internal::core::NullPackageSource ; 15 ; 1 ; 0 ; 6 ; 85.0 ; 20.0 ; 5.66667 ; 41.0 ; 9.0 ; 2.73333 ; 44.0 ; 12.0 ; 2.93333 ; 239.143 ; 56.2202 ; 1 ; 0 ; 0 ; 0 ; 0 ; 
org::eclipse::osgi::internal::resolver::StateImpl ; 78 ; 16 ; 0 ; 6 ; 1442.0 ; 252.0 ; 18.4872 ; 663.0 ; 124.0 ; 8.5 ; 779.0 ; 128.0 ; 9.98718 ; 239.143 ; 93.6404 ; 8 ; 0 ; 0 ; 0 ; 0 ; 
org::eclipse::osgi::internal::service::security::KeyStoreTrustEngine ; 5 ; 0 ; 0 ; 1 ; 53.0 ; 28.0 ; 10.6 ; 18.0 ; 7.0 ; 3.6 ; 35.0 ; 21.0 ; 7.0 ; 27.2857 ; 17.9946 ; 0 ; 0 ; 0 ; 0 ; 0 ; 
org::osgi::service::condpermadmin::BundleSignerCondition ; 11 ; 0 ; 0 ; 2 ; 111.0 ; 28.0 ; 10.0909 ; 151.0 ; 55.0 ; 13.7273 ; -40.0 ; 7.0 ; -3.63636 ; 173.857 ; 26.7143 ; 1 ; 0 ; 0 ; 0 ; 0 ; 
chain::test::a::Activator ; 1 ; 0 ; 0 ; 1 ; 0.0 ; 0.0 ; 0.0 ; 0.0 ; 0.0 ; 0.0 ; 0.0 ; 0.0 ; 0.0 ; 85.1429 ; 0 ; 0 ; 0 ; 0 ; 0 ; 0 ; 
org::eclipse::osgi::framework::internal::core::BundleFragment ; 36 ; 10 ; 1 ; 6 ; 350.0 ; 78.0 ; 9.72222 ; 511.0 ; 141.0 ; 14.1944 ; -161.0 ; 51.0 ; -4.47222 ; 239.143 ; 38.1771 ; 4 ; 0 ; 0 ; 0 ; 0 ; 
org::eclipse::osgi::framework::internal::core::BundleURLConnection ; 5 ; 0 ; 0 ; 1 ; 14.0 ; 6.0 ; 2.8 ; 12.0 ; 5.0 ; 2.4 ; 2.0 ; 1.0 ; 0.4 ; 162.143 ; 36.2653 ; 0 ; 0 ; 0 ; 0 ; 0 ; 
org::eclipse::osgi::framework::internal::protocol::StreamHandlerFactory ; 24 ; 4 ; 0 ; 6 ; 269.0 ; 92.0 ; 11.2083 ; 245.0 ; 115.0 ; 10.2083 ; 24.0 ; 19.0 ; 1.0 ; 239.143 ; 64.3563 ; 1 ; 0 ; 0 ; 0 ; 0 ; 
org::eclipse::osgi::framework::internal::protocol::MultiplexingContentHandler ; 2 ; 0 ; 0 ; 1 ; 1.0 ; 1.0 ; 0.5 ; 1.0 ; 1.0 ; 0.5 ; 0.0 ; 0.0 ; 0.0 ; 124.286 ; 7.57143 ; 0 ; 0 ; 0 ; 0 ; 0 ; 
org::eclipse::osgi::framework::internal::core::ParentPolicy ; 1 ; 0 ; 0 ; 1 ; 0.0 ; 0.0 ; 0.0 ; 0.0 ; 0.0 ; 0.0 ; 0.0 ; 0.0 ; 0.0 ; 163.0 ; 0 ; 1 ; 0 ; 0 ; 0 ; 0 ; 
org::eclipse::osgi::framework::internal::core::Tokenizer ; 3 ; 0 ; 1 ; 2 ; 2.0 ; 2.0 ; 0.666667 ; 2.0 ; 2.0 ; 0.666667 ; 0.0 ; 0.0 ; 0.0 ; 162.143 ; 51.1429 ; 0 ; 0 ; 0 ; 0 ; 0 ; 
org::eclipse::osgi::framework::eventmgr::ListElement ; 4 ; 0 ; 0 ; 3 ; 7.0 ; 4.0 ; 1.75 ; 7.0 ; 4.0 ; 1.75 ; 0.0 ; 0.0 ; 0.0 ; 218.857 ; 27.1837 ; 0 ; 0 ; 0 ; 0 ; 0 ; 
org::eclipse::osgi::framework::eventmgr::EventManager ; 16 ; 1 ; 0 ; 5 ; 500.0 ; 170.0 ; 31.25 ; 233.0 ; 106.0 ; 14.5625 ; 267.0 ; 170.0 ; 16.6875 ; 239.143 ; 62.1743 ; 2 ; 0 ; 0 ; 0 ; 0 ; 
legacy::lazystart::a::Activator ; 1 ; 0 ; 0 ; 1 ; 0.0 ; 0.0 ; 0.0 ; 0.0 ; 0.0 ; 0.0 ; 0.0 ; 0.0 ; 0.0 ; 85.1429 ; 0 ; 0 ; 0 ; 0 ; 0 ; 0 ; 
org::eclipse::osgi::internal::baseadaptor::AdaptorMsg ; 7 ; 0 ; 0 ; 1 ; 136.0 ; 59.0 ; 19.4286 ; 18.0 ; 13.0 ; 2.57143 ; 118.0 ; 59.0 ; 16.8571 ; 125.857 ; 11.438 ; 0 ; 0 ; 0 ; 0 ; 0 ; 
thread::locktest::Activator ; 1 ; 0 ; 0 ; 1 ; 0.0 ; 0.0 ; 0.0 ; 0.0 ; 0.0 ; 0.0 ; 0.0 ; 0.0 ; 0.0 ; 85.1429 ; 0 ; 0 ; 0 ; 0 ; 0 ; 0 ; 
legacy::lazystart::FalseExceptionLegacy1 ; 1 ; 0 ; 0 ; 1 ; 0.0 ; 0.0 ; 0.0 ; 0.0 ; 0.0 ; 0.0 ; 0.0 ; 0.0 ; 0.0 ; 85.1429 ; 0 ; 0 ; 0 ; 0 ; 0 ; 0 ; 
legacy::lazystart::c::excluded::a::CAExcluded ; 1 ; 0 ; 0 ; 1 ; 0.0 ; 0.0 ; 0.0 ; 0.0 ; 0.0 ; 0.0 ; 0.0 ; 0.0 ; 0.0 ; 85.1429 ; 0 ; 0 ; 0 ; 0 ; 0 ; 0 ; 
org::eclipse::osgi::framework::internal::protocol::bundleentry::Handler ; 12 ; 0 ; 1 ; 4 ; 52.0 ; 12.0 ; 4.33333 ; 50.0 ; 15.0 ; 4.16667 ; 2.0 ; 4.0 ; 0.166667 ; 231.429 ; 59.2857 ; 0 ; 0 ; 0 ; 0 ; 0 ; 
org::eclipse::core::runtime::internal::adaptor::CachedManifest ; 8 ; 0 ; 0 ; 1 ; 89.0 ; 33.0 ; 11.125 ; 41.0 ; 17.0 ; 5.125 ; 48.0 ; 30.0 ; 6.0 ; 162.143 ; 79.3034 ; 0 ; 0 ; 0 ; 0 ; 0 ; 
org::eclipse::osgi::signedcontent::InvalidContentException ; 3 ; 0 ; 0 ; 1 ; 3.0 ; 2.0 ; 1.0 ; 1.0 ; 1.0 ; 0.333333 ; 2.0 ; 1.0 ; 0.666667 ; 27.2857 ; 12.1429 ; 0 ; 0 ; 0 ; 0 ; 0 ; 
org::eclipse::osgi::framework::internal::core::FilterImpl ; 20 ; 5 ; 1 ; 6 ; 1193.0 ; 577.0 ; 59.65 ; 1018.0 ; 670.0 ; 50.9 ; 175.0 ; 81.0 ; 8.75 ; 218.714 ; 118.121 ; 5 ; 0 ; 0 ; 0 ; 0 ; 
org::eclipse::osgi::internal::resolver::ExportPackageDescriptionImpl ; 12 ; 0 ; 0 ; 3 ; 305.0 ; 92.0 ; 25.4167 ; 77.0 ; 31.0 ; 6.41667 ; 228.0 ; 92.0 ; 19.0 ; 180.0 ; 9.5452 ; 1 ; 0 ; 0 ; 0 ; 0 ; 
host::multiple::exports::PublicClass1 ; 1 ; 0 ; 0 ; 1 ; 0.0 ; 0.0 ; 0.0 ; 0.0 ; 0.0 ; 0.0 ; 0.0 ; 0.0 ; 0.0 ; 40.8571 ; 0 ; 0 ; 0 ; 0 ; 0 ; 0 ; 
org::eclipse::osgi::internal::provisional::service::security::AuthorizationEngine ; 1 ; 0 ; 0 ; 1 ; 0.0 ; 0.0 ; 0.0 ; 0.0 ; 0.0 ; 0.0 ; 0.0 ; 0.0 ; 0.0 ; 13.0 ; 0 ; 1 ; 0 ; 0 ; 0 ; 0 ; 
org::eclipse::osgi::internal::signedcontent::DigestedInputStream ; 1 ; 0 ; 0 ; 1 ; 0.0 ; 0.0 ; 0.0 ; 0.0 ; 0.0 ; 0.0 ; 0.0 ; 0.0 ; 0.0 ; 27.2857 ; 0 ; 0 ; 0 ; 0 ; 0 ; 0 ; 
org::eclipse::osgi::internal::resolver::StateBuilder ; 57 ; 5 ; 0 ; 6 ; 932.0 ; 191.0 ; 16.3509 ; 314.0 ; 30.0 ; 5.50877 ; 618.0 ; 183.0 ; 10.8421 ; 239.143 ; 82.1517 ; 2 ; 0 ; 0 ; 0 ; 0 ; 
org::eclipse::core::runtime::internal::stats::ClassStats ; 2 ; 0 ; 0 ; 1 ; 2.0 ; 2.0 ; 1.0 ; 2.0 ; 2.0 ; 1.0 ; 0.0 ; 0.0 ; 0.0 ; 162.143 ; 51.1429 ; 0 ; 0 ; 0 ; 0 ; 0 ; 
host::multiple::exports::PrivateClass1 ; 1 ; 0 ; 0 ; 1 ; 0.0 ; 0.0 ; 0.0 ; 0.0 ; 0.0 ; 0.0 ; 0.0 ; 0.0 ; 0.0 ; 40.8571 ; 0 ; 0 ; 0 ; 0 ; 0 ; 0 ; 
org::eclipse::osgi::internal::resolver::BundleSpecificationImpl ; 8 ; 0 ; 0 ; 5 ; 54.0 ; 20.0 ; 6.75 ; 15.0 ; 4.0 ; 1.875 ; 39.0 ; 18.0 ; 4.875 ; 239.143 ; 61.6508 ; 1 ; 0 ; 0 ; 0 ; 0 ; 
org::eclipse::osgi::framework::internal::core::ConditionalPermissionAdminImpl ; 14 ; 2 ; 1 ; 2 ; 203.0 ; 45.0 ; 14.5 ; 74.0 ; 16.0 ; 5.28571 ; 129.0 ; 38.0 ; 9.21429 ; 178.857 ; 20.4771 ; 0 ; 0 ; 0 ; 0 ; 0 ; 
org::eclipse::osgi::framework::internal::core::ReferenceInputStream ; 2 ; 0 ; 0 ; 1 ; 2.0 ; 2.0 ; 1.0 ; 2.0 ; 2.0 ; 1.0 ; 0.0 ; 0.0 ; 0.0 ; 162.143 ; 51.1429 ; 0 ; 0 ; 0 ; 0 ; 0 ; 
osgi::lazystart::a::Activator ; 1 ; 0 ; 0 ; 1 ; 0.0 ; 0.0 ; 0.0 ; 0.0 ; 0.0 ; 0.0 ; 0.0 ; 0.0 ; 0.0 ; 85.1429 ; 0 ; 0 ; 0 ; 0 ; 0 ; 0 ; 
org::eclipse::osgi::internal::signedcontent::DNChainMatching ; 1 ; 0 ; 0 ; 1 ; 0.0 ; 0.0 ; 0.0 ; 0.0 ; 0.0 ; 0.0 ; 0.0 ; 0.0 ; 0.0 ; 27.2857 ; 0 ; 0 ; 0 ; 0 ; 0 ; 0 ; 
org::eclipse::core::runtime::internal::adaptor::EclipseAdaptorMsg ; 6 ; 0 ; 1 ; 2 ; 281.0 ; 139.0 ; 46.8333 ; 4.0 ; 3.0 ; 0.666667 ; 277.0 ; 139.0 ; 46.1667 ; 125.857 ; 0.653279 ; 0 ; 0 ; 0 ; 0 ; 0 ; 
org::eclipse::osgi::internal::baseadaptor::BaseClassLoadingHook ; 7 ; 1 ; 0 ; 1 ; 221.0 ; 91.0 ; 31.5714 ; 0.0 ; 0.0 ; 0.0 ; 221.0 ; 91.0 ; 31.5714 ; 125.714 ; 4.79961 ; 1 ; 0 ; 0 ; 0 ; 0 ; 
org::eclipse::osgi::baseadaptor::bundlefile::NestedDirBundleFile ; 5 ; 0 ; 0 ; 1 ; 166.0 ; 81.0 ; 33.2 ; 3.0 ; 3.0 ; 0.6 ; 163.0 ; 81.0 ; 32.6 ; 125.857 ; 0.768503 ; 1 ; 0 ; 1 ; 1 ; 0 ; 
org::eclipse::osgi::framework::launcher::Launcher ; 19 ; 1 ; 0 ; 6 ; 119.0 ; 37.0 ; 6.26316 ; 177.0 ; 83.0 ; 9.31579 ; -58.0 ; 3.0 ; -3.05263 ; 239.143 ; 47.1332 ; 1 ; 0 ; 0 ; 0 ; 0 ; 
org::eclipse::osgi::framework::internal::core::ServiceReferenceImpl ; 17 ; 4 ; 1 ; 5 ; 139.0 ; 27.0 ; 8.17647 ; 41.0 ; 8.0 ; 2.41176 ; 98.0 ; 27.0 ; 5.76471 ; 218.714 ; 66.6906 ; 1 ; 0 ; 0 ; 0 ; 0 ; 
org::eclipse::osgi::baseadaptor::bundlefile::FileBundleEntry ; 5 ; 0 ; 0 ; 1 ; 188.0 ; 92.0 ; 37.6 ; 3.0 ; 3.0 ; 0.6 ; 185.0 ; 92.0 ; 37.0 ; 125.857 ; 0.737082 ; 0 ; 0 ; 0 ; 0 ; 0 ; 
fragment::test::attach::host::a::Activator ; 1 ; 0 ; 0 ; 1 ; 0.0 ; 0.0 ; 0.0 ; 0.0 ; 0.0 ; 0.0 ; 0.0 ; 0.0 ; 0.0 ; 85.1429 ; 0 ; 0 ; 0 ; 0 ; 0 ; 0 ; 
org::osgi::util::tracker::ServiceTracker ; 26 ; 4 ; 0 ; 3 ; 3032.0 ; 837.0 ; 116.615 ; 2652.0 ; 892.0 ; 102.0 ; 380.0 ; 142.0 ; 14.6154 ; 219.0 ; 44.9991 ; 1 ; 0 ; 0 ; 0 ; 0 ; 
org::eclipse::osgi::framework::internal::core::BundleRepository ; 25 ; 5 ; 1 ; 6 ; 195.0 ; 40.0 ; 7.8 ; 212.0 ; 36.0 ; 8.48 ; -17.0 ; 29.0 ; -0.68 ; 239.143 ; 23.567 ; 1 ; 0 ; 0 ; 0 ; 0 ; 
org::eclipse::osgi::internal::module::ResolverBundle ; 36 ; 4 ; 0 ; 3 ; 1590.0 ; 480.0 ; 44.1667 ; 407.0 ; 185.0 ; 11.3056 ; 1183.0 ; 480.0 ; 32.8611 ; 180.0 ; 32.9569 ; 1 ; 0 ; 0 ; 0 ; 0 ; 
substitutes::x::Mx ; 1 ; 0 ; 0 ; 1 ; 0.0 ; 0.0 ; 0.0 ; 0.0 ; 0.0 ; 0.0 ; 0.0 ; 0.0 ; 0.0 ; 19.1429 ; 0 ; 0 ; 0 ; 0 ; 0 ; 0 ; 
substitutes::q::BFq ; 1 ; 0 ; 0 ; 1 ; 0.0 ; 0.0 ; 0.0 ; 0.0 ; 0.0 ; 0.0 ; 0.0 ; 0.0 ; 0.0 ; 19.1429 ; 0 ; 0 ; 0 ; 0 ; 0 ; 0 ; 
org::eclipse::osgi::internal::baseadaptor::BaseStorageHook ; 21 ; 1 ; 0 ; 2 ; 889.0 ; 302.0 ; 42.3333 ; 91.0 ; 47.0 ; 4.33333 ; 798.0 ; 302.0 ; 38.0 ; 125.857 ; 10.1938 ; 4 ; 0 ; 0 ; 0 ; 0 ; 
